topology,strategy,beta,replication,final_size,peak_infected,time_to_peak,duration
random,none,0.02,0,0.01,3,7,15
random,none,0.02,1,0.043333333333333335,4,9,45
random,none,0.02,2,0.016666666666666666,3,14,20
random,none,0.02,3,0.006666666666666667,1,0,15
random,none,0.02,4,0.013333333333333334,3,3,27
random,none,0.02,5,0.0033333333333333335,1,0,4
random,none,0.02,6,0.016666666666666666,4,7,33
random,none,0.02,7,0.0033333333333333335,1,0,5
random,none,0.02,8,0.0033333333333333335,1,0,11
random,none,0.02,9,0.01,3,9,17
random,none,0.02,10,0.006666666666666667,1,0,12
random,none,0.02,11,0.05333333333333334,9,9,45
random,none,0.02,12,0.006666666666666667,2,2,21
random,none,0.02,13,0.006666666666666667,2,7,17
random,none,0.02,14,0.0033333333333333335,1,0,1
random,none,0.02,15,0.16666666666666666,10,77,129
random,none,0.02,16,0.06666666666666667,8,41,66
random,none,0.02,17,0.016666666666666666,2,10,46
random,none,0.02,18,0.07666666666666666,7,77,109
random,none,0.02,19,0.0033333333333333335,1,0,3
random,none,0.02,20,0.0033333333333333335,1,0,4
random,none,0.02,21,0.006666666666666667,2,2,14
random,none,0.02,22,0.006666666666666667,2,10,13
random,none,0.02,23,0.0033333333333333335,1,0,1
random,none,0.02,24,0.0033333333333333335,1,0,7
random,none,0.02,25,0.006666666666666667,2,1,16
random,none,0.02,26,0.0033333333333333335,1,0,10
random,none,0.02,27,0.10333333333333333,15,34,58
random,none,0.02,28,0.0033333333333333335,1,0,7
random,none,0.02,29,0.0033333333333333335,1,0,1
random,none,0.04,0,0.7966666666666666,66,41,121
random,none,0.04,1,0.7233333333333334,48,48,118
random,none,0.04,2,0.65,43,30,112
random,none,0.04,3,0.62,43,57,112
random,none,0.04,4,0.74,48,97,152
random,none,0.04,5,0.7,62,40,101
random,none,0.04,6,0.7766666666666666,69,34,106
random,none,0.04,7,0.0033333333333333335,1,0,5
random,none,0.04,8,0.7433333333333333,59,48,102
random,none,0.04,9,0.7266666666666667,44,45,149
random,none,0.04,10,0.5833333333333334,29,40,112
random,none,0.04,11,0.7866666666666666,67,31,102
random,none,0.04,12,0.7133333333333334,52,61,126
random,none,0.04,13,0.01,2,2,14
random,none,0.04,14,0.0033333333333333335,1,0,1
random,none,0.04,15,0.6633333333333333,56,51,137
random,none,0.04,16,0.7266666666666667,32,49,135
random,none,0.04,17,0.7033333333333334,48,90,160
random,none,0.04,18,0.81,62,54,169
random,none,0.04,19,0.0033333333333333335,1,0,3
random,none,0.04,20,0.6966666666666667,54,49,123
random,none,0.04,21,0.01,2,2,8
random,none,0.04,22,0.74,58,50,117
random,none,0.04,23,0.0033333333333333335,1,0,1
random,none,0.04,24,0.0033333333333333335,1,0,7
random,none,0.04,25,0.023333333333333334,4,5,15
random,none,0.04,26,0.67,40,73,171
random,none,0.04,27,0.71,47,56,158
random,none,0.04,28,0.0033333333333333335,1,0,7
random,none,0.04,29,0.0033333333333333335,1,0,1
random,none,0.06,0,0.8733333333333333,100,41,102
random,none,0.06,1,0.8766666666666667,88,31,100
random,none,0.06,2,0.9333333333333333,95,35,90
random,none,0.06,3,0.8866666666666667,84,47,105
random,none,0.06,4,0.8933333333333333,87,29,135
random,none,0.06,5,0.8633333333333333,86,37,89
random,none,0.06,6,0.91,93,33,88
random,none,0.06,7,0.86,100,38,100
random,none,0.06,8,0.02666666666666667,4,3,13
random,none,0.06,9,0.84,90,32,86
random,none,0.06,10,0.87,71,39,114
random,none,0.06,11,0.8233333333333334,68,24,95
random,none,0.06,12,0.83,91,34,84
random,none,0.06,13,0.8466666666666667,87,30,96
random,none,0.06,14,0.0033333333333333335,1,0,1
random,none,0.06,15,0.8,67,36,96
random,none,0.06,16,0.8566666666666667,67,41,97
random,none,0.06,17,0.9,96,34,77
random,none,0.06,18,0.8966666666666666,102,37,119
random,none,0.06,19,0.0033333333333333335,1,0,3
random,none,0.06,20,0.89,88,31,107
random,none,0.06,21,0.01,2,2,8
random,none,0.06,22,0.8633333333333333,89,33,90
random,none,0.06,23,0.0033333333333333335,1,0,1
random,none,0.06,24,0.0033333333333333335,1,0,7
random,none,0.06,25,0.8733333333333333,97,30,116
random,none,0.06,26,0.01,2,6,16
random,none,0.06,27,0.8966666666666666,97,28,80
random,none,0.06,28,0.0033333333333333335,1,0,7
random,none,0.06,29,0.0033333333333333335,1,0,1
random,none,0.08,0,0.9233333333333333,118,37,92
random,none,0.08,1,0.9266666666666666,122,37,91
random,none,0.08,2,0.9533333333333334,129,23,74
random,none,0.08,3,0.97,139,28,84
random,none,0.08,4,0.92,126,24,67
random,none,0.08,5,0.9333333333333333,106,23,77
random,none,0.08,6,0.9466666666666667,133,27,87
random,none,0.08,7,0.91,129,22,69
random,none,0.08,8,0.9466666666666667,108,26,100
random,none,0.08,9,0.9,119,24,79
random,none,0.08,10,0.9066666666666666,124,20,78
random,none,0.08,11,0.9233333333333333,116,21,78
random,none,0.08,12,0.9366666666666666,124,34,86
random,none,0.08,13,0.9166666666666666,120,22,68
random,none,0.08,14,0.0033333333333333335,1,0,1
random,none,0.08,15,0.9066666666666666,123,21,70
random,none,0.08,16,0.92,119,21,75
random,none,0.08,17,0.9466666666666667,119,26,78
random,none,0.08,18,0.9033333333333333,113,30,89
random,none,0.08,19,0.93,97,37,75
random,none,0.08,20,0.93,135,29,82
random,none,0.08,21,0.9366666666666666,123,30,84
random,none,0.08,22,0.8933333333333333,117,22,90
random,none,0.08,23,0.0033333333333333335,1,0,1
random,none,0.08,24,0.9466666666666667,119,34,79
random,none,0.08,25,0.93,118,19,66
random,none,0.08,26,0.9366666666666666,142,31,84
random,none,0.08,27,0.9133333333333333,118,28,98
random,none,0.08,28,0.0033333333333333335,1,0,7
random,none,0.08,29,0.01,1,0,7
random,none,0.1,0,0.97,157,22,96
random,none,0.1,1,0.9566666666666667,145,27,82
random,none,0.1,2,0.99,157,19,71
random,none,0.1,3,0.9566666666666667,143,27,92
random,none,0.1,4,0.97,138,18,63
random,none,0.1,5,0.93,126,23,73
random,none,0.1,6,0.9566666666666667,147,17,87
random,none,0.1,7,0.94,125,23,69
random,none,0.1,8,0.9466666666666667,142,17,90
random,none,0.1,9,0.9566666666666667,133,18,85
random,none,0.1,10,0.9533333333333334,151,17,77
random,none,0.1,11,0.95,136,19,69
random,none,0.1,12,0.9333333333333333,131,19,103
random,none,0.1,13,0.9666666666666667,143,20,73
random,none,0.1,14,0.0033333333333333335,1,0,1
random,none,0.1,15,0.9533333333333334,143,21,75
random,none,0.1,16,0.9766666666666667,154,16,66
random,none,0.1,17,0.9466666666666667,148,22,65
random,none,0.1,18,0.9566666666666667,142,28,109
random,none,0.1,19,0.9566666666666667,157,26,63
random,none,0.1,20,0.9433333333333334,156,19,78
random,none,0.1,21,0.94,139,24,86
random,none,0.1,22,0.9733333333333334,160,19,88
random,none,0.1,23,0.0033333333333333335,1,0,1
random,none,0.1,24,0.9533333333333334,151,24,75
random,none,0.1,25,0.97,150,18,72
random,none,0.1,26,0.95,143,29,69
random,none,0.1,27,0.9566666666666667,137,19,78
random,none,0.1,28,0.0033333333333333335,1,0,7
random,none,0.1,29,0.01,1,0,7
random,none,0.15,0,0.9666666666666667,174,29,83
random,none,0.15,1,0.98,192,13,72
random,none,0.15,2,0.9833333333333333,186,14,63
random,none,0.15,3,0.9966666666666667,184,12,63
random,none,0.15,4,0.9866666666666667,182,14,93
random,none,0.15,5,0.9633333333333334,180,15,74
random,none,0.15,6,0.9766666666666667,164,15,67
random,none,0.15,7,0.9766666666666667,189,13,74
random,none,0.15,8,0.9766666666666667,157,11,60
random,none,0.15,9,0.97,160,18,69
random,none,0.15,10,0.9833333333333333,173,13,67
random,none,0.15,11,0.006666666666666667,2,2,3
random,none,0.15,12,0.9666666666666667,165,15,64
random,none,0.15,13,0.98,176,13,69
random,none,0.15,14,0.0033333333333333335,1,0,1
random,none,0.15,15,0.9733333333333334,163,13,68
random,none,0.15,16,0.98,189,12,82
random,none,0.15,17,0.9833333333333333,165,17,78
random,none,0.15,18,0.9766666666666667,168,17,66
random,none,0.15,19,0.97,178,14,74
random,none,0.15,20,0.9833333333333333,184,12,63
random,none,0.15,21,0.9666666666666667,159,15,76
random,none,0.15,22,0.9866666666666667,185,15,59
random,none,0.15,23,0.0033333333333333335,1,0,1
random,none,0.15,24,0.97,174,16,74
random,none,0.15,25,0.9733333333333334,175,17,83
random,none,0.15,26,0.97,181,18,93
random,none,0.15,27,0.9833333333333333,180,16,67
random,none,0.15,28,0.0033333333333333335,1,0,7
random,none,0.15,29,0.01,1,0,7
random,none,0.2,0,0.9966666666666667,201,18,68
random,none,0.2,1,0.9966666666666667,213,10,77
random,none,0.2,2,0.9966666666666667,197,11,52
random,none,0.2,3,0.9933333333333333,192,10,72
random,none,0.2,4,0.99,196,12,102
random,none,0.2,5,0.99,189,14,74
random,none,0.2,6,0.9866666666666667,182,12,66
random,none,0.2,7,0.98,195,11,70
random,none,0.2,8,0.9833333333333333,181,11,56
random,none,0.2,9,0.9933333333333333,201,9,60
random,none,0.2,10,0.9833333333333333,203,10,94
random,none,0.2,11,0.9933333333333333,205,11,98
random,none,0.2,12,0.9833333333333333,205,13,72
random,none,0.2,13,0.9833333333333333,194,11,64
random,none,0.2,14,0.0033333333333333335,1,0,1
random,none,0.2,15,0.9833333333333333,196,11,90
random,none,0.2,16,0.9866666666666667,182,10,59
random,none,0.2,17,0.9966666666666667,196,11,62
random,none,0.2,18,0.9866666666666667,199,10,61
random,none,0.2,19,0.99,206,12,65
random,none,0.2,20,0.9966666666666667,205,11,59
random,none,0.2,21,0.9833333333333333,200,10,74
random,none,0.2,22,0.9866666666666667,193,10,59
random,none,0.2,23,0.0033333333333333335,1,0,1
random,none,0.2,24,0.9866666666666667,199,11,91
random,none,0.2,25,0.9966666666666667,192,13,65
random,none,0.2,26,0.9833333333333333,184,12,68
random,none,0.2,27,0.9733333333333334,190,12,66
random,none,0.2,28,0.006666666666666667,2,5,23
random,none,0.2,29,0.01,1,0,7
random,random,0.02,0,0.0033333333333333335,1,0,7
random,random,0.02,1,0.0033333333333333335,1,0,2
random,random,0.02,2,0.02,4,15,30
random,random,0.02,3,0.0033333333333333335,1,0,4
random,random,0.02,4,0.0033333333333333335,1,0,2
random,random,0.02,5,0.0033333333333333335,1,0,1
random,random,0.02,6,0.013333333333333334,2,1,25
random,random,0.02,7,0.0033333333333333335,1,0,5
random,random,0.02,8,0.0033333333333333335,1,0,6
random,random,0.02,9,0.0033333333333333335,1,0,7
random,random,0.02,10,0.01,2,5,37
random,random,0.02,11,0.09666666666666666,10,54,92
random,random,0.02,12,0.016666666666666666,3,29,55
random,random,0.02,13,0.006666666666666667,2,11,27
random,random,0.02,14,0.023333333333333334,3,15,26
random,random,0.02,15,0.02,4,3,54
random,random,0.02,16,0.013333333333333334,2,1,14
random,random,0.02,17,0.006666666666666667,2,8,14
random,random,0.02,18,0.02666666666666667,4,13,94
random,random,0.02,19,0.03333333333333333,3,14,107
random,random,0.02,20,0.0033333333333333335,1,0,12
random,random,0.02,21,0.07666666666666666,7,29,67
random,random,0.02,22,0.0033333333333333335,1,0,2
random,random,0.02,23,0.0033333333333333335,1,0,3
random,random,0.02,24,0.01,2,10,22
random,random,0.02,25,0.006666666666666667,2,1,7
random,random,0.02,26,0.27666666666666667,12,175,212
random,random,0.02,27,0.023333333333333334,5,7,22
random,random,0.02,28,0.06666666666666667,10,29,83
random,random,0.02,29,0.04,6,31,37
random,random,0.04,0,0.0033333333333333335,1,0,7
random,random,0.04,1,0.0033333333333333335,1,0,2
random,random,0.04,2,0.01,3,6,9
random,random,0.04,3,0.0033333333333333335,1,0,4
random,random,0.04,4,0.0033333333333333335,1,0,2
random,random,0.04,5,0.0033333333333333335,1,0,1
random,random,0.04,6,0.72,49,52,137
random,random,0.04,7,0.0033333333333333335,1,0,5
random,random,0.04,8,0.006666666666666667,2,2,6
random,random,0.04,9,0.0033333333333333335,1,0,7
random,random,0.04,10,0.02,3,7,30
random,random,0.04,11,0.056666666666666664,7,9,27
random,random,0.04,12,0.44,36,37,128
random,random,0.04,13,0.016666666666666666,3,8,23
random,random,0.04,14,0.6033333333333334,39,71,162
random,random,0.04,15,0.37333333333333335,15,116,187
random,random,0.04,16,0.58,41,38,93
random,random,0.04,17,0.006666666666666667,2,8,14
random,random,0.04,18,0.04666666666666667,6,23,45
random,random,0.04,19,0.64,31,104,169
random,random,0.04,20,0.03333333333333333,4,30,38
random,random,0.04,21,0.47,25,59,116
random,random,0.04,22,0.0033333333333333335,1,0,2
random,random,0.04,23,0.006666666666666667,1,0,9
random,random,0.04,24,0.016666666666666666,3,10,39
random,random,0.04,25,0.01,3,2,6
random,random,0.04,26,0.6033333333333334,46,57,128
random,random,0.04,27,0.6266666666666667,48,48,135
random,random,0.04,28,0.5733333333333334,29,71,158
random,random,0.04,29,0.63,37,56,140
random,random,0.06,0,0.0033333333333333335,1,0,7
random,random,0.06,1,0.0033333333333333335,1,0,2
random,random,0.06,2,0.7433333333333333,68,34,83
random,random,0.06,3,0.0033333333333333335,1,0,4
random,random,0.06,4,0.0033333333333333335,1,0,2
random,random,0.06,5,0.0033333333333333335,1,0,1
random,random,0.06,6,0.7133333333333334,84,32,105
random,random,0.06,7,0.72,71,31,100
random,random,0.06,8,0.7766666666666666,72,33,111
random,random,0.06,9,0.7566666666666667,80,44,102
random,random,0.06,10,0.6733333333333333,58,47,107
random,random,0.06,11,0.7466666666666667,50,37,133
random,random,0.06,12,0.68,53,44,96
random,random,0.06,13,0.02,3,8,17
random,random,0.06,14,0.7566666666666667,102,28,83
random,random,0.06,15,0.6966666666666667,60,29,89
random,random,0.06,16,0.71,47,19,88
random,random,0.06,17,0.7733333333333333,72,43,98
random,random,0.06,18,0.02666666666666667,4,13,33
random,random,0.06,19,0.6366666666666667,69,34,80
random,random,0.06,20,0.7933333333333333,83,40,99
random,random,0.06,21,0.7533333333333333,78,30,92
random,random,0.06,22,0.0033333333333333335,1,0,2
random,random,0.06,23,0.01,2,5,9
random,random,0.06,24,0.7866666666666666,96,34,90
random,random,0.06,25,0.01,3,2,6
random,random,0.06,26,0.7233333333333334,72,35,120
random,random,0.06,27,0.71,58,45,108
random,random,0.06,28,0.8033333333333333,87,38,106
random,random,0.06,29,0.69,53,41,94
random,random,0.08,0,0.0033333333333333335,1,0,7
random,random,0.08,1,0.016666666666666666,4,2,9
random,random,0.08,2,0.8266666666666667,98,20,69
random,random,0.08,3,0.0033333333333333335,1,0,4
random,random,0.08,4,0.0033333333333333335,1,0,2
random,random,0.08,5,0.0033333333333333335,1,0,1
random,random,0.08,6,0.83,96,32,106
random,random,0.08,7,0.8033333333333333,112,31,71
random,random,0.08,8,0.7766666666666666,102,30,71
random,random,0.08,9,0.82,102,28,86
random,random,0.08,10,0.8066666666666666,109,23,81
random,random,0.08,11,0.8133333333333334,102,22,72
random,random,0.08,12,0.7166666666666667,56,44,107
random,random,0.08,13,0.7933333333333333,79,23,88
random,random,0.08,14,0.006666666666666667,2,2,3
random,random,0.08,15,0.8433333333333334,88,25,109
random,random,0.08,16,0.8,85,19,79
random,random,0.08,17,0.7833333333333333,85,24,101
random,random,0.08,18,0.8433333333333334,108,41,89
random,random,0.08,19,0.8066666666666666,95,31,74
random,random,0.08,20,0.8333333333333334,92,40,85
random,random,0.08,21,0.81,97,23,83
random,random,0.08,22,0.8166666666666667,97,31,72
random,random,0.08,23,0.01,2,5,9
random,random,0.08,24,0.8466666666666667,114,39,92
random,random,0.08,25,0.8266666666666667,100,26,85
random,random,0.08,26,0.82,121,25,87
random,random,0.08,27,0.78,91,37,83
random,random,0.08,28,0.013333333333333334,2,2,10
random,random,0.08,29,0.8166666666666667,107,26,102
random,random,0.1,0,0.0033333333333333335,1,0,7
random,random,0.1,1,0.8233333333333334,97,25,92
random,random,0.1,2,0.8466666666666667,109,18,85
random,random,0.1,3,0.0033333333333333335,1,0,4
random,random,0.1,4,0.0033333333333333335,1,0,2
random,random,0.1,5,0.0033333333333333335,1,0,1
random,random,0.1,6,0.8466666666666667,115,26,79
random,random,0.1,7,0.8333333333333334,142,15,64
random,random,0.1,8,0.8433333333333334,117,18,61
random,random,0.1,9,0.8366666666666667,118,22,144
random,random,0.1,10,0.85,130,19,74
random,random,0.1,11,0.83,115,22,88
random,random,0.1,12,0.8133333333333334,114,31,81
random,random,0.1,13,0.83,113,27,72
random,random,0.1,14,0.006666666666666667,2,2,3
random,random,0.1,15,0.86,124,21,69
random,random,0.1,16,0.8133333333333334,102,20,74
random,random,0.1,17,0.8533333333333334,131,21,94
random,random,0.1,18,0.013333333333333334,2,9,20
random,random,0.1,19,0.8366666666666667,123,23,80
random,random,0.1,20,0.8433333333333334,101,31,76
random,random,0.1,21,0.8333333333333334,101,25,94
random,random,0.1,22,0.7966666666666666,116,26,68
random,random,0.1,23,0.8433333333333334,97,25,83
random,random,0.1,24,0.8133333333333334,106,22,72
random,random,0.1,25,0.84,110,18,97
random,random,0.1,26,0.81,107,21,101
random,random,0.1,27,0.84,118,20,88
random,random,0.1,28,0.83,110,26,80
random,random,0.1,29,0.8366666666666667,108,24,63
random,random,0.15,0,0.0033333333333333335,1,0,7
random,random,0.15,1,0.8766666666666667,159,15,73
random,random,0.15,2,0.8833333333333333,154,15,74
random,random,0.15,3,0.8733333333333333,146,20,74
random,random,0.15,4,0.0033333333333333335,1,0,2
random,random,0.15,5,0.0033333333333333335,1,0,1
random,random,0.15,6,0.8633333333333333,151,18,63
random,random,0.15,7,0.86,145,13,52
random,random,0.15,8,0.8566666666666667,142,16,70
random,random,0.15,9,0.8766666666666667,154,18,65
random,random,0.15,10,0.8833333333333333,160,17,75
random,random,0.15,11,0.8866666666666667,146,14,92
random,random,0.15,12,0.8833333333333333,149,22,83
random,random,0.15,13,0.87,140,17,62
random,random,0.15,14,0.006666666666666667,2,2,3
random,random,0.15,15,0.87,165,14,79
random,random,0.15,16,0.87,143,14,58
random,random,0.15,17,0.8866666666666667,149,15,65
random,random,0.15,18,0.8633333333333333,146,17,81
random,random,0.15,19,0.87,150,15,67
random,random,0.15,20,0.006666666666666667,2,5,8
random,random,0.15,21,0.8466666666666667,147,21,67
random,random,0.15,22,0.8533333333333334,160,16,68
random,random,0.15,23,0.8466666666666667,132,16,72
random,random,0.15,24,0.88,159,13,66
random,random,0.15,25,0.8566666666666667,152,13,99
random,random,0.15,26,0.8833333333333333,153,16,83
random,random,0.15,27,0.86,156,15,64
random,random,0.15,28,0.8633333333333333,157,15,131
random,random,0.15,29,0.8533333333333334,146,17,89
random,random,0.2,0,0.0033333333333333335,1,0,7
random,random,0.2,1,0.89,178,12,90
random,random,0.2,2,0.8866666666666667,167,11,65
random,random,0.2,3,0.89,172,12,81
random,random,0.2,4,0.0033333333333333335,1,0,2
random,random,0.2,5,0.0033333333333333335,1,0,1
random,random,0.2,6,0.88,154,16,57
random,random,0.2,7,0.8466666666666667,146,11,67
random,random,0.2,8,0.88,172,11,72
random,random,0.2,9,0.88,177,15,64
random,random,0.2,10,0.88,168,13,96
random,random,0.2,11,0.8933333333333333,175,13,104
random,random,0.2,12,0.8733333333333333,166,15,72
random,random,0.2,13,0.88,175,11,58
random,random,0.2,14,0.8833333333333333,160,15,75
random,random,0.2,15,0.88,171,10,57
random,random,0.2,16,0.8633333333333333,167,11,55
random,random,0.2,17,0.8933333333333333,171,13,81
random,random,0.2,18,0.89,187,11,61
random,random,0.2,19,0.8666666666666667,172,13,69
random,random,0.2,20,0.006666666666666667,2,5,8
random,random,0.2,21,0.8666666666666667,165,14,61
random,random,0.2,22,0.8666666666666667,168,14,57
random,random,0.2,23,0.8833333333333333,163,11,66
random,random,0.2,24,0.8933333333333333,168,12,53
random,random,0.2,25,0.88,167,11,79
random,random,0.2,26,0.8866666666666667,167,12,94
random,random,0.2,27,0.88,177,12,81
random,random,0.2,28,0.8933333333333333,180,12,63
random,random,0.2,29,0.8733333333333333,174,13,90
random,degree,0.02,0,0.01,3,7,22
random,degree,0.02,1,0.043333333333333335,5,12,61
random,degree,0.02,2,0.0033333333333333335,1,0,1
random,degree,0.02,3,0.0033333333333333335,1,0,5
random,degree,0.02,4,0.01,3,4,26
random,degree,0.02,5,0.016666666666666666,3,15,23
random,degree,0.02,6,0.006666666666666667,2,1,8
random,degree,0.02,7,0.0033333333333333335,1,0,10
random,degree,0.02,8,0.0033333333333333335,1,0,6
random,degree,0.02,9,0.0033333333333333335,1,0,7
random,degree,0.02,10,0.006666666666666667,2,6,11
random,degree,0.02,11,0.0033333333333333335,1,0,6
random,degree,0.02,12,0.006666666666666667,2,3,12
random,degree,0.02,13,0.006666666666666667,2,9,20
random,degree,0.02,14,0.006666666666666667,2,5,17
random,degree,0.02,15,0.006666666666666667,2,1,22
random,degree,0.02,16,0.07,8,34,65
random,degree,0.02,17,0.016666666666666666,4,21,45
random,degree,0.02,18,0.02,4,21,53
random,degree,0.02,19,0.01,2,9,44
random,degree,0.02,20,0.0033333333333333335,1,0,3
random,degree,0.02,21,0.04,4,6,64
random,degree,0.02,22,0.006666666666666667,2,10,16
random,degree,0.02,23,0.0033333333333333335,1,0,6
random,degree,0.02,24,0.0033333333333333335,1,0,5
random,degree,0.02,25,0.0033333333333333335,1,0,1
random,degree,0.02,26,0.0033333333333333335,1,0,10
random,degree,0.02,27,0.0033333333333333335,1,0,2
random,degree,0.02,28,0.0033333333333333335,1,0,21
random,degree,0.02,29,0.04,7,21,51
random,degree,0.04,0,0.49,27,62,150
random,degree,0.04,1,0.26,12,27,153
random,degree,0.04,2,0.0033333333333333335,1,0,1
random,degree,0.04,3,0.0033333333333333335,1,0,5
random,degree,0.04,4,0.013333333333333334,3,2,14
random,degree,0.04,5,0.14666666666666667,15,29,65
random,degree,0.04,6,0.006666666666666667,2,1,8
random,degree,0.04,7,0.0033333333333333335,1,0,10
random,degree,0.04,8,0.45,20,99,131
random,degree,0.04,9,0.0033333333333333335,1,0,7
random,degree,0.04,10,0.013333333333333334,4,10,17
random,degree,0.04,11,0.0033333333333333335,1,0,6
random,degree,0.04,12,0.006666666666666667,2,3,12
random,degree,0.04,13,0.5133333333333333,30,62,158
random,degree,0.04,14,0.38666666666666666,29,57,127
random,degree,0.04,15,0.006666666666666667,2,1,22
random,degree,0.04,16,0.016666666666666666,2,1,24
random,degree,0.04,17,0.023333333333333334,4,21,43
random,degree,0.04,18,0.5833333333333334,26,140,222
random,degree,0.04,19,0.013333333333333334,2,9,43
random,degree,0.04,20,0.0033333333333333335,1,0,3
random,degree,0.04,21,0.03333333333333333,7,8,27
random,degree,0.04,22,0.043333333333333335,6,10,46
random,degree,0.04,23,0.09,7,40,79
random,degree,0.04,24,0.0033333333333333335,1,0,5
random,degree,0.04,25,0.0033333333333333335,1,0,1
random,degree,0.04,26,0.02,3,18,73
random,degree,0.04,27,0.0033333333333333335,1,0,2
random,degree,0.04,28,0.006666666666666667,2,19,26
random,degree,0.04,29,0.5166666666666667,33,57,115
random,degree,0.06,0,0.6566666666666666,50,46,109
random,degree,0.06,1,0.64,41,54,108
random,degree,0.06,2,0.0033333333333333335,1,0,1
random,degree,0.06,3,0.0033333333333333335,1,0,5
random,degree,0.06,4,0.03333333333333333,6,8,22
random,degree,0.06,5,0.16,12,21,75
random,degree,0.06,6,0.006666666666666667,2,1,8
random,degree,0.06,7,0.63,32,97,157
random,degree,0.06,8,0.63,47,36,87
random,degree,0.06,9,0.01,2,6,20
random,degree,0.06,10,0.66,45,52,101
random,degree,0.06,11,0.0033333333333333335,1,0,6
random,degree,0.06,12,0.006666666666666667,2,3,12
random,degree,0.06,13,0.7366666666666667,56,43,105
random,degree,0.06,14,0.6733333333333333,62,34,101
random,degree,0.06,15,0.006666666666666667,2,1,22
random,degree,0.06,16,0.02666666666666667,4,14,18
random,degree,0.06,17,0.66,50,44,106
random,degree,0.06,18,0.7,62,59,139
random,degree,0.06,19,0.5766666666666667,49,62,120
random,degree,0.06,20,0.0033333333333333335,1,0,3
random,degree,0.06,21,0.5966666666666667,52,41,99
random,degree,0.06,22,0.6733333333333333,54,41,84
random,degree,0.06,23,0.5766666666666667,29,29,129
random,degree,0.06,24,0.0033333333333333335,1,0,5
random,degree,0.06,25,0.0033333333333333335,1,0,1
random,degree,0.06,26,0.6333333333333333,50,67,124
random,degree,0.06,27,0.0033333333333333335,1,0,2
random,degree,0.06,28,0.006666666666666667,2,19,26
random,degree,0.06,29,0.7266666666666667,53,62,123
random,degree,0.08,0,0.7633333333333333,85,34,87
random,degree,0.08,1,0.7,62,36,88
random,degree,0.08,2,0.0033333333333333335,1,0,1
random,degree,0.08,3,0.0033333333333333335,1,0,5
random,degree,0.08,4,0.7433333333333333,85,32,99
random,degree,0.08,5,0.72,69,53,121
random,degree,0.08,6,0.006666666666666667,2,1,8
random,degree,0.08,7,0.72,51,35,86
random,degree,0.08,8,0.7566666666666667,79,30,81
random,degree,0.08,9,0.013333333333333334,3,7,21
random,degree,0.08,10,0.7433333333333333,61,49,111
random,degree,0.08,11,0.79,91,40,90
random,degree,0.08,12,0.006666666666666667,2,3,12
random,degree,0.08,13,0.7866666666666666,86,32,85
random,degree,0.08,14,0.7533333333333333,65,36,87
random,degree,0.08,15,0.006666666666666667,2,1,22
random,degree,0.08,16,0.6666666666666666,53,26,88
random,degree,0.08,17,0.79,83,30,84
random,degree,0.08,18,0.7366666666666667,63,52,108
random,degree,0.08,19,0.7466666666666667,66,48,107
random,degree,0.08,20,0.0033333333333333335,1,0,3
random,degree,0.08,21,0.7033333333333334,64,37,101
random,degree,0.08,22,0.7,73,29,78
random,degree,0.08,23,0.7466666666666667,91,28,109
random,degree,0.08,24,0.72,68,45,93
random,degree,0.08,25,0.0033333333333333335,1,0,1
random,degree,0.08,26,0.7733333333333333,83,44,129
random,degree,0.08,27,0.7966666666666666,81,32,90
random,degree,0.08,28,0.76,74,41,97
random,degree,0.08,29,0.7233333333333334,73,41,96
random,degree,0.1,0,0.7966666666666666,107,30,76
random,degree,0.1,1,0.74,72,26,84
random,degree,0.1,2,0.78,100,28,73
random,degree,0.1,3,0.0033333333333333335,1,0,5
random,degree,0.1,4,0.8166666666666667,97,26,109
random,degree,0.1,5,0.7066666666666667,67,28,101
random,degree,0.1,6,0.7766666666666666,89,31,77
random,degree,0.1,7,0.8,86,18,102
random,degree,0.1,8,0.8233333333333334,99,19,73
random,degree,0.1,9,0.013333333333333334,3,7,21
random,degree,0.1,10,0.7933333333333333,79,30,105
random,degree,0.1,11,0.7866666666666666,90,36,105
random,degree,0.1,12,0.7866666666666666,100,28,75
random,degree,0.1,13,0.8233333333333334,110,23,87
random,degree,0.1,14,0.8033333333333333,102,26,88
random,degree,0.1,15,0.006666666666666667,2,1,22
random,degree,0.1,16,0.8033333333333333,111,23,73
random,degree,0.1,17,0.8233333333333334,103,27,86
random,degree,0.1,18,0.79,98,38,79
random,degree,0.1,19,0.82,92,32,111
random,degree,0.1,20,0.0033333333333333335,1,0,3
random,degree,0.1,21,0.7533333333333333,81,23,99
random,degree,0.1,22,0.7333333333333333,71,30,65
random,degree,0.1,23,0.7366666666666667,100,25,69
random,degree,0.1,24,0.8266666666666667,108,32,82
random,degree,0.1,25,0.0033333333333333335,1,0,1
random,degree,0.1,26,0.8033333333333333,89,30,95
random,degree,0.1,27,0.8266666666666667,115,22,73
random,degree,0.1,28,0.8066666666666666,84,34,94
random,degree,0.1,29,0.8366666666666667,102,30,80
random,degree,0.15,0,0.8466666666666667,131,25,80
random,degree,0.15,1,0.8466666666666667,144,15,103
random,degree,0.15,2,0.85,134,27,76
random,degree,0.15,3,0.8733333333333333,134,18,70
random,degree,0.15,4,0.85,130,20,81
random,degree,0.15,5,0.8333333333333334,126,20,94
random,degree,0.15,6,0.84,133,18,70
random,degree,0.15,7,0.8566666666666667,145,14,54
random,degree,0.15,8,0.87,142,15,60
random,degree,0.15,9,0.013333333333333334,3,7,21
random,degree,0.15,10,0.8666666666666667,137,17,85
random,degree,0.15,11,0.8766666666666667,145,25,102
random,degree,0.15,12,0.85,143,24,136
random,degree,0.15,13,0.8366666666666667,138,16,64
random,degree,0.15,14,0.8566666666666667,127,20,93
random,degree,0.15,15,0.006666666666666667,2,1,22
random,degree,0.15,16,0.87,129,23,86
random,degree,0.15,17,0.8566666666666667,124,16,69
random,degree,0.15,18,0.8666666666666667,140,19,61
random,degree,0.15,19,0.8366666666666667,129,19,67
random,degree,0.15,20,0.8333333333333334,123,14,81
random,degree,0.15,21,0.8133333333333334,131,20,87
random,degree,0.15,22,0.8466666666666667,129,16,64
random,degree,0.15,23,0.81,116,17,69
random,degree,0.15,24,0.8433333333333334,109,27,85
random,degree,0.15,25,0.0033333333333333335,1,0,1
random,degree,0.15,26,0.86,117,21,76
random,degree,0.15,27,0.87,141,16,73
random,degree,0.15,28,0.8366666666666667,135,24,81
random,degree,0.15,29,0.8266666666666667,113,24,86
random,degree,0.2,0,0.8633333333333333,131,20,78
random,degree,0.2,1,0.8866666666666667,170,13,95
random,degree,0.2,2,0.8766666666666667,157,14,62
random,degree,0.2,3,0.8766666666666667,163,13,102
random,degree,0.2,4,0.8633333333333333,145,14,61
random,degree,0.2,5,0.8533333333333334,138,18,74
random,degree,0.2,6,0.8866666666666667,165,15,57
random,degree,0.2,7,0.86,143,14,64
random,degree,0.2,8,0.87,138,15,64
random,degree,0.2,9,0.87,149,18,59
random,degree,0.2,10,0.87,147,15,71
random,degree,0.2,11,0.8933333333333333,169,14,79
random,degree,0.2,12,0.8466666666666667,147,16,76
random,degree,0.2,13,0.87,147,14,58
random,degree,0.2,14,0.8733333333333333,146,16,72
random,degree,0.2,15,0.01,2,1,17
random,degree,0.2,16,0.8733333333333333,138,17,73
random,degree,0.2,17,0.8766666666666667,161,14,76
random,degree,0.2,18,0.8566666666666667,158,13,82
random,degree,0.2,19,0.86,163,16,95
random,degree,0.2,20,0.8666666666666667,149,13,80
random,degree,0.2,21,0.8766666666666667,151,15,57
random,degree,0.2,22,0.8533333333333334,138,14,68
random,degree,0.2,23,0.8766666666666667,144,12,63
random,degree,0.2,24,0.89,156,13,59
random,degree,0.2,25,0.0033333333333333335,1,0,1
random,degree,0.2,26,0.8666666666666667,156,14,88
random,degree,0.2,27,0.86,139,13,91
random,degree,0.2,28,0.85,146,24,84
random,degree,0.2,29,0.8666666666666667,135,17,70
random,betweenness,0.02,0,0.01,3,7,23
random,betweenness,0.02,1,0.0033333333333333335,1,0,5
random,betweenness,0.02,2,0.0033333333333333335,1,0,2
random,betweenness,0.02,3,0.02,4,23,33
random,betweenness,0.02,4,0.006666666666666667,2,2,6
random,betweenness,0.02,5,0.016666666666666666,2,4,22
random,betweenness,0.02,6,0.013333333333333334,3,17,27
random,betweenness,0.02,7,0.0033333333333333335,1,0,5
random,betweenness,0.02,8,0.0033333333333333335,1,0,1
random,betweenness,0.02,9,0.0033333333333333335,1,0,17
random,betweenness,0.02,10,0.0033333333333333335,1,0,7
random,betweenness,0.02,11,0.0033333333333333335,1,0,6
random,betweenness,0.02,12,0.006666666666666667,2,3,23
random,betweenness,0.02,13,0.006666666666666667,2,11,20
random,betweenness,0.02,14,0.006666666666666667,1,0,17
random,betweenness,0.02,15,0.013333333333333334,3,2,18
random,betweenness,0.02,16,0.006666666666666667,2,1,6
random,betweenness,0.02,17,0.016666666666666666,4,21,45
random,betweenness,0.02,18,0.01,2,18,26
random,betweenness,0.02,19,0.0033333333333333335,1,0,6
random,betweenness,0.02,20,0.006666666666666667,2,8,13
random,betweenness,0.02,21,0.05,6,56,72
random,betweenness,0.02,22,0.0033333333333333335,1,0,2
random,betweenness,0.02,23,0.0033333333333333335,1,0,6
random,betweenness,0.02,24,0.01,3,12,21
random,betweenness,0.02,25,0.01,3,7,14
random,betweenness,0.02,26,0.0033333333333333335,1,0,10
random,betweenness,0.02,27,0.0033333333333333335,1,0,2
random,betweenness,0.02,28,0.01,3,19,25
random,betweenness,0.02,29,0.0033333333333333335,1,0,12
random,betweenness,0.04,0,0.016666666666666666,3,7,23
random,betweenness,0.04,1,0.0033333333333333335,1,0,5
random,betweenness,0.04,2,0.0033333333333333335,1,0,2
random,betweenness,0.04,3,0.3233333333333333,21,27,147
random,betweenness,0.04,4,0.006666666666666667,2,2,6
random,betweenness,0.04,5,0.02666666666666667,4,11,30
random,betweenness,0.04,6,0.43666666666666665,28,23,83
random,betweenness,0.04,7,0.0033333333333333335,1,0,5
random,betweenness,0.04,8,0.0033333333333333335,1,0,1
random,betweenness,0.04,9,0.0033333333333333335,1,0,17
random,betweenness,0.04,10,0.0033333333333333335,1,0,7
random,betweenness,0.04,11,0.0033333333333333335,1,0,6
random,betweenness,0.04,12,0.01,2,3,24
random,betweenness,0.04,13,0.49333333333333335,31,75,139
random,betweenness,0.04,14,0.01,2,5,13
random,betweenness,0.04,15,0.013333333333333334,3,2,18
random,betweenness,0.04,16,0.49666666666666665,20,46,138
random,betweenness,0.04,17,0.02666666666666667,4,21,41
random,betweenness,0.04,18,0.01,2,18,26
random,betweenness,0.04,19,0.0033333333333333335,1,0,6
random,betweenness,0.04,20,0.03,5,13,28
random,betweenness,0.04,21,0.30666666666666664,13,42,153
random,betweenness,0.04,22,0.0033333333333333335,1,0,2
random,betweenness,0.04,23,0.01,2,2,17
random,betweenness,0.04,24,0.05,7,48,63
random,betweenness,0.04,25,0.5833333333333334,41,39,104
random,betweenness,0.04,26,0.006666666666666667,2,6,9
random,betweenness,0.04,27,0.0033333333333333335,1,0,2
random,betweenness,0.04,28,0.006666666666666667,2,8,11
random,betweenness,0.04,29,0.0033333333333333335,1,0,12
random,betweenness,0.06,0,0.6566666666666666,52,45,117
random,betweenness,0.06,1,0.0033333333333333335,1,0,5
random,betweenness,0.06,2,0.0033333333333333335,1,0,2
random,betweenness,0.06,3,0.7166666666666667,69,47,103
random,betweenness,0.06,4,0.006666666666666667,2,2,6
random,betweenness,0.06,5,0.6033333333333334,29,78,202
random,betweenness,0.06,6,0.72,58,41,99
random,betweenness,0.06,7,0.006666666666666667,2,1,3
random,betweenness,0.06,8,0.0033333333333333335,1,0,1
random,betweenness,0.06,9,0.75,85,44,99
random,betweenness,0.06,10,0.71,78,39,97
random,betweenness,0.06,11,0.0033333333333333335,1,0,6
random,betweenness,0.06,12,0.6833333333333333,64,50,106
random,betweenness,0.06,13,0.66,48,34,97
random,betweenness,0.06,14,0.023333333333333334,3,14,19
random,betweenness,0.06,15,0.016666666666666666,3,2,17
random,betweenness,0.06,16,0.6966666666666667,45,43,111
random,betweenness,0.06,17,0.6933333333333334,66,32,79
random,betweenness,0.06,18,0.01,2,18,26
random,betweenness,0.06,19,0.0033333333333333335,1,0,6
random,betweenness,0.06,20,0.7333333333333333,57,59,121
random,betweenness,0.06,21,0.6666666666666666,37,31,120
random,betweenness,0.06,22,0.0033333333333333335,1,0,2
random,betweenness,0.06,23,0.01,3,3,11
random,betweenness,0.06,24,0.5533333333333333,40,68,137
random,betweenness,0.06,25,0.7066666666666667,56,41,106
random,betweenness,0.06,26,0.6433333333333333,43,70,169
random,betweenness,0.06,27,0.0033333333333333335,1,0,2
random,betweenness,0.06,28,0.006666666666666667,2,8,11
random,betweenness,0.06,29,0.0033333333333333335,1,0,12
random,betweenness,0.08,0,0.79,85,29,94
random,betweenness,0.08,1,0.7566666666666667,87,31,77
random,betweenness,0.08,2,0.0033333333333333335,1,0,2
random,betweenness,0.08,3,0.7866666666666666,81,41,81
random,betweenness,0.08,4,0.006666666666666667,2,2,6
random,betweenness,0.08,5,0.6733333333333333,59,33,98
random,betweenness,0.08,6,0.75,81,26,75
random,betweenness,0.08,7,0.006666666666666667,2,1,3
random,betweenness,0.08,8,0.0033333333333333335,1,0,1
random,betweenness,0.08,9,0.7633333333333333,78,36,99
random,betweenness,0.08,10,0.7633333333333333,82,44,118
random,betweenness,0.08,11,0.7733333333333333,80,38,79
random,betweenness,0.08,12,0.76,78,42,95
random,betweenness,0.08,13,0.81,73,26,100
random,betweenness,0.08,14,0.7633333333333333,87,34,97
random,betweenness,0.08,15,0.016666666666666666,3,2,17
random,betweenness,0.08,16,0.79,98,19,80
random,betweenness,0.08,17,0.77,64,27,100
random,betweenness,0.08,18,0.01,2,18,26
random,betweenness,0.08,19,0.7666666666666667,77,42,97
random,betweenness,0.08,20,0.76,85,41,101
random,betweenness,0.08,21,0.76,77,34,92
random,betweenness,0.08,22,0.67,59,31,80
random,betweenness,0.08,23,0.01,3,3,11
random,betweenness,0.08,24,0.79,70,32,95
random,betweenness,0.08,25,0.7933333333333333,86,29,95
random,betweenness,0.08,26,0.73,77,44,103
random,betweenness,0.08,27,0.7166666666666667,70,35,77
random,betweenness,0.08,28,0.74,77,34,84
random,betweenness,0.08,29,0.71,64,41,109
random,betweenness,0.1,0,0.7433333333333333,70,29,98
random,betweenness,0.1,1,0.82,78,34,78
random,betweenness,0.1,2,0.7833333333333333,97,28,73
random,betweenness,0.1,3,0.8266666666666667,95,38,74
random,betweenness,0.1,4,0.8166666666666667,107,31,116
random,betweenness,0.1,5,0.7633333333333333,87,36,93
random,betweenness,0.1,6,0.7666666666666667,91,23,71
random,betweenness,0.1,7,0.76,87,26,77
random,betweenness,0.1,8,0.0033333333333333335,1,0,1
random,betweenness,0.1,9,0.8,102,25,94
random,betweenness,0.1,10,0.7733333333333333,84,30,75
random,betweenness,0.1,11,0.83,91,35,79
random,betweenness,0.1,12,0.78,86,30,84
random,betweenness,0.1,13,0.83,104,28,82
random,betweenness,0.1,14,0.7733333333333333,92,25,82
random,betweenness,0.1,15,0.8266666666666667,93,31,93
random,betweenness,0.1,16,0.81,109,20,72
random,betweenness,0.1,17,0.7766666666666666,96,23,80
random,betweenness,0.1,18,0.78,73,43,97
random,betweenness,0.1,19,0.8333333333333334,110,33,106
random,betweenness,0.1,20,0.7733333333333333,98,20,92
random,betweenness,0.1,21,0.7833333333333333,104,30,84
random,betweenness,0.1,22,0.7766666666666666,82,41,100
random,betweenness,0.1,23,0.8,101,21,90
random,betweenness,0.1,24,0.85,87,46,129
random,betweenness,0.1,25,0.8033333333333333,103,23,109
random,betweenness,0.1,26,0.7833333333333333,88,34,119
random,betweenness,0.1,27,0.8066666666666666,100,19,85
random,betweenness,0.1,28,0.78,96,30,88
random,betweenness,0.1,29,0.8,94,32,96
random,betweenness,0.15,0,0.8566666666666667,127,31,87
random,betweenness,0.15,1,0.88,150,20,77
random,betweenness,0.15,2,0.8466666666666667,120,22,102
random,betweenness,0.15,3,0.83,129,22,85
random,betweenness,0.15,4,0.8433333333333334,127,21,72
random,betweenness,0.15,5,0.8633333333333333,143,21,102
random,betweenness,0.15,6,0.8466666666666667,144,16,62
random,betweenness,0.15,7,0.8366666666666667,138,20,59
random,betweenness,0.15,8,0.0033333333333333335,1,0,1
random,betweenness,0.15,9,0.8366666666666667,127,32,84
random,betweenness,0.15,10,0.8333333333333334,112,27,102
random,betweenness,0.15,11,0.88,137,25,95
random,betweenness,0.15,12,0.8233333333333334,123,24,79
random,betweenness,0.15,13,0.86,133,18,65
random,betweenness,0.15,14,0.8133333333333334,125,22,69
random,betweenness,0.15,15,0.8433333333333334,137,20,74
random,betweenness,0.15,16,0.84,122,17,62
random,betweenness,0.15,17,0.86,124,16,71
random,betweenness,0.15,18,0.8566666666666667,142,20,75
random,betweenness,0.15,19,0.87,129,24,62
random,betweenness,0.15,20,0.84,132,16,77
random,betweenness,0.15,21,0.83,124,19,78
random,betweenness,0.15,22,0.8266666666666667,119,26,70
random,betweenness,0.15,23,0.8533333333333334,132,16,105
random,betweenness,0.15,24,0.8466666666666667,107,19,75
random,betweenness,0.15,25,0.85,136,16,87
random,betweenness,0.15,26,0.8333333333333334,110,21,101
random,betweenness,0.15,27,0.8466666666666667,132,16,81
random,betweenness,0.15,28,0.84,142,20,65
random,betweenness,0.15,29,0.85,114,23,80
random,betweenness,0.2,0,0.8633333333333333,158,20,113
random,betweenness,0.2,1,0.8533333333333334,155,17,108
random,betweenness,0.2,2,0.86,156,14,97
random,betweenness,0.2,3,0.8766666666666667,145,14,74
random,betweenness,0.2,4,0.8766666666666667,160,15,82
random,betweenness,0.2,5,0.8766666666666667,150,18,62
random,betweenness,0.2,6,0.8466666666666667,143,13,64
random,betweenness,0.2,7,0.8566666666666667,153,14,69
random,betweenness,0.2,8,0.8733333333333333,145,14,67
random,betweenness,0.2,9,0.87,141,16,62
random,betweenness,0.2,10,0.86,141,16,78
random,betweenness,0.2,11,0.88,159,14,79
random,betweenness,0.2,12,0.8466666666666667,138,17,77
random,betweenness,0.2,13,0.87,157,16,62
random,betweenness,0.2,14,0.8666666666666667,150,16,80
random,betweenness,0.2,15,0.86,158,16,81
random,betweenness,0.2,16,0.86,148,15,109
random,betweenness,0.2,17,0.87,166,13,55
random,betweenness,0.2,18,0.87,159,15,68
random,betweenness,0.2,19,0.86,161,19,73
random,betweenness,0.2,20,0.8533333333333334,168,13,69
random,betweenness,0.2,21,0.8733333333333333,143,15,55
random,betweenness,0.2,22,0.8433333333333334,162,17,73
random,betweenness,0.2,23,0.88,147,14,63
random,betweenness,0.2,24,0.8666666666666667,138,13,85
random,betweenness,0.2,25,0.8766666666666667,158,14,56
random,betweenness,0.2,26,0.8666666666666667,149,17,90
random,betweenness,0.2,27,0.88,156,14,77
random,betweenness,0.2,28,0.85,151,14,71
random,betweenness,0.2,29,0.86,138,17,55
small_world,none,0.02,0,0.0033333333333333335,1,0,5
small_world,none,0.02,1,0.03333333333333333,4,44,59
small_world,none,0.02,2,0.006666666666666667,2,12,14
small_world,none,0.02,3,0.006666666666666667,1,0,12
small_world,none,0.02,4,0.01,3,4,23
small_world,none,0.02,5,0.023333333333333334,3,4,39
small_world,none,0.02,6,0.016666666666666666,4,6,36
small_world,none,0.02,7,0.0033333333333333335,1,0,10
small_world,none,0.02,8,0.0033333333333333335,1,0,4
small_world,none,0.02,9,0.0033333333333333335,1,0,6
small_world,none,0.02,10,0.01,2,1,38
small_world,none,0.02,11,0.02666666666666667,6,10,22
small_world,none,0.02,12,0.01,3,12,19
small_world,none,0.02,13,0.016666666666666666,4,23,32
small_world,none,0.02,14,0.0033333333333333335,1,0,1
small_world,none,0.02,15,0.02,4,3,20
small_world,none,0.02,16,0.013333333333333334,3,4,13
small_world,none,0.02,17,0.01,2,7,15
small_world,none,0.02,18,0.02,4,15,34
small_world,none,0.02,19,0.0033333333333333335,1,0,4
small_world,none,0.02,20,0.0033333333333333335,1,0,3
small_world,none,0.02,21,0.016666666666666666,4,9,18
small_world,none,0.02,22,0.0033333333333333335,1,0,2
small_world,none,0.02,23,0.0033333333333333335,1,0,6
small_world,none,0.02,24,0.0033333333333333335,1,0,5
small_world,none,0.02,25,0.013333333333333334,3,13,22
small_world,none,0.02,26,0.006666666666666667,1,0,20
small_world,none,0.02,27,0.0033333333333333335,1,0,3
small_world,none,0.02,28,0.0033333333333333335,1,0,2
small_world,none,0.02,29,0.016666666666666666,4,15,23
small_world,none,0.04,0,0.0033333333333333335,1,0,5
small_world,none,0.04,1,0.06333333333333334,7,19,41
small_world,none,0.04,2,0.02666666666666667,6,12,19
small_world,none,0.04,3,0.01,2,7,12
small_world,none,0.04,4,0.013333333333333334,3,2,10
small_world,none,0.04,5,0.023333333333333334,3,8,23
small_world,none,0.04,6,0.05,5,6,53
small_world,none,0.04,7,0.0033333333333333335,1,0,10
small_world,none,0.04,8,0.023333333333333334,4,11,26
small_world,none,0.04,9,0.0033333333333333335,1,0,6
small_world,none,0.04,10,0.4066666666666667,17,132,188
small_world,none,0.04,11,0.06333333333333334,7,9,31
small_world,none,0.04,12,0.023333333333333334,6,11,29
small_world,none,0.04,13,0.013333333333333334,3,6,20
small_world,none,0.04,14,0.0033333333333333335,1,0,1
small_world,none,0.04,15,0.02,4,3,20
small_world,none,0.04,16,0.02666666666666667,4,2,21
small_world,none,0.04,17,0.01,2,7,15
small_world,none,0.04,18,0.31,15,66,159
small_world,none,0.04,19,0.0033333333333333335,1,0,4
small_world,none,0.04,20,0.04,6,9,25
small_world,none,0.04,21,0.06666666666666667,7,18,62
small_world,none,0.04,22,0.0033333333333333335,1,0,2
small_world,none,0.04,23,0.03,6,14,36
small_world,none,0.04,24,0.0033333333333333335,1,0,5
small_world,none,0.04,25,0.016666666666666666,3,2,23
small_world,none,0.04,26,0.006666666666666667,2,4,13
small_world,none,0.04,27,0.0033333333333333335,1,0,3
small_world,none,0.04,28,0.0033333333333333335,1,0,2
small_world,none,0.04,29,0.04666666666666667,6,14,42
small_world,none,0.06,0,0.0033333333333333335,1,0,5
small_world,none,0.06,1,0.27,18,103,146
small_world,none,0.06,2,0.8266666666666667,41,53,158
small_world,none,0.06,3,0.01,2,7,12
small_world,none,0.06,4,0.8166666666666667,38,62,183
small_world,none,0.06,5,0.84,38,130,186
small_world,none,0.06,6,0.09666666666666666,10,12,65
small_world,none,0.06,7,0.013333333333333334,3,3,9
small_world,none,0.06,8,0.88,52,84,143
small_world,none,0.06,9,0.5766666666666667,38,59,107
small_world,none,0.06,10,0.82,47,97,201
small_world,none,0.06,11,0.8333333333333334,34,93,240
small_world,none,0.06,12,0.8333333333333334,45,77,163
small_world,none,0.06,13,0.06,5,15,48
small_world,none,0.06,14,0.0033333333333333335,1,0,1
small_world,none,0.06,15,0.05,5,4,64
small_world,none,0.06,16,0.7333333333333333,42,58,114
small_world,none,0.06,17,0.7966666666666666,55,88,137
small_world,none,0.06,18,0.75,45,57,142
small_world,none,0.06,19,0.0033333333333333335,1,0,4
small_world,none,0.06,20,0.8,57,42,101
small_world,none,0.06,21,0.7566666666666667,34,85,173
small_world,none,0.06,22,0.0033333333333333335,1,0,2
small_world,none,0.06,23,0.06,5,10,65
small_world,none,0.06,24,0.0033333333333333335,1,0,5
small_world,none,0.06,25,0.016666666666666666,3,2,23
small_world,none,0.06,26,0.7266666666666667,24,78,186
small_world,none,0.06,27,0.0033333333333333335,1,0,3
small_world,none,0.06,28,0.0033333333333333335,1,0,2
small_world,none,0.06,29,0.19,17,39,70
small_world,none,0.08,0,0.0033333333333333335,1,0,5
small_world,none,0.08,1,0.92,73,46,122
small_world,none,0.08,2,0.9566666666666667,76,44,111
small_world,none,0.08,3,0.9166666666666666,94,49,109
small_world,none,0.08,4,0.95,69,44,126
small_world,none,0.08,5,0.95,94,37,95
small_world,none,0.08,6,0.92,73,47,124
small_world,none,0.08,7,0.9366666666666666,77,53,120
small_world,none,0.08,8,0.9366666666666666,85,44,103
small_world,none,0.08,9,0.9566666666666667,82,42,105
small_world,none,0.08,10,0.8866666666666667,82,45,106
small_world,none,0.08,11,0.97,70,48,96
small_world,none,0.08,12,0.74,52,43,104
small_world,none,0.08,13,0.93,57,36,113
small_world,none,0.08,14,0.0033333333333333335,1,0,1
small_world,none,0.08,15,0.87,59,38,127
small_world,none,0.08,16,0.91,63,63,129
small_world,none,0.08,17,0.94,68,65,172
small_world,none,0.08,18,0.98,102,45,99
small_world,none,0.08,19,0.9433333333333334,74,62,104
small_world,none,0.08,20,0.9266666666666666,68,45,107
small_world,none,0.08,21,0.9566666666666667,85,37,99
small_world,none,0.08,22,0.9266666666666666,67,53,101
small_world,none,0.08,23,0.9433333333333334,73,57,143
small_world,none,0.08,24,0.9066666666666666,71,71,116
small_world,none,0.08,25,0.8366666666666667,67,56,111
small_world,none,0.08,26,0.9266666666666666,60,53,140
small_world,none,0.08,27,0.97,68,41,109
small_world,none,0.08,28,0.0033333333333333335,1,0,2
small_world,none,0.08,29,0.97,89,38,121
small_world,none,0.1,0,0.0033333333333333335,1,0,5
small_world,none,0.1,1,0.95,98,37,82
small_world,none,0.1,2,0.9766666666666667,127,34,82
small_world,none,0.1,3,0.97,91,43,96
small_world,none,0.1,4,0.9833333333333333,92,37,98
small_world,none,0.1,5,0.9866666666666667,103,25,92
small_world,none,0.1,6,0.94,101,31,80
small_world,none,0.1,7,0.9766666666666667,80,35,81
small_world,none,0.1,8,0.97,74,33,106
small_world,none,0.1,9,0.9433333333333334,107,25,80
small_world,none,0.1,10,0.9666666666666667,107,27,83
small_world,none,0.1,11,0.9666666666666667,107,33,95
small_world,none,0.1,12,0.95,78,40,103
small_world,none,0.1,13,0.9533333333333334,103,29,87
small_world,none,0.1,14,0.0033333333333333335,1,0,1
small_world,none,0.1,15,0.9833333333333333,86,47,122
small_world,none,0.1,16,0.95,94,35,101
small_world,none,0.1,17,1.0,91,32,99
small_world,none,0.1,18,0.96,94,45,121
small_world,none,0.1,19,0.98,88,68,114
small_world,none,0.1,20,0.96,89,29,107
small_world,none,0.1,21,0.9733333333333334,103,31,126
small_world,none,0.1,22,0.9666666666666667,109,38,94
small_world,none,0.1,23,0.9566666666666667,80,44,88
small_world,none,0.1,24,0.02,6,4,9
small_world,none,0.1,25,0.9866666666666667,83,43,109
small_world,none,0.1,26,0.9766666666666667,90,50,110
small_world,none,0.1,27,0.9233333333333333,82,37,79
small_world,none,0.1,28,0.0033333333333333335,1,0,2
small_world,none,0.1,29,0.9466666666666667,90,29,89
small_world,none,0.15,0,0.9966666666666667,128,28,93
small_world,none,0.15,1,1.0,148,24,84
small_world,none,0.15,2,1.0,141,24,90
small_world,none,0.15,3,0.9966666666666667,142,27,72
small_world,none,0.15,4,1.0,149,22,80
small_world,none,0.15,5,1.0,128,28,82
small_world,none,0.15,6,0.9966666666666667,143,22,79
small_world,none,0.15,7,0.9966666666666667,148,23,66
small_world,none,0.15,8,0.9966666666666667,116,26,70
small_world,none,0.15,9,1.0,160,19,96
small_world,none,0.15,10,0.9933333333333333,128,23,73
small_world,none,0.15,11,0.9833333333333333,126,22,67
small_world,none,0.15,12,1.0,150,26,69
small_world,none,0.15,13,0.9933333333333333,139,23,79
small_world,none,0.15,14,0.0033333333333333335,1,0,1
small_world,none,0.15,15,0.9966666666666667,137,26,76
small_world,none,0.15,16,0.9966666666666667,111,26,96
small_world,none,0.15,17,1.0,133,30,94
small_world,none,0.15,18,0.9933333333333333,118,30,80
small_world,none,0.15,19,1.0,122,24,82
small_world,none,0.15,20,0.9966666666666667,135,18,71
small_world,none,0.15,21,1.0,142,25,88
small_world,none,0.15,22,1.0,116,26,76
small_world,none,0.15,23,1.0,126,25,76
small_world,none,0.15,24,0.9966666666666667,148,28,111
small_world,none,0.15,25,0.9933333333333333,152,21,84
small_world,none,0.15,26,0.9733333333333334,118,36,94
small_world,none,0.15,27,1.0,137,20,72
small_world,none,0.15,28,1.0,124,32,74
small_world,none,0.15,29,1.0,167,19,100
small_world,none,0.2,0,1.0,172,23,93
small_world,none,0.2,1,1.0,145,20,80
small_world,none,0.2,2,1.0,147,23,72
small_world,none,0.2,3,1.0,175,21,76
small_world,none,0.2,4,1.0,153,21,81
small_world,none,0.2,5,1.0,178,19,69
small_world,none,0.2,6,1.0,165,18,70
small_world,none,0.2,7,1.0,150,19,71
small_world,none,0.2,8,1.0,144,19,56
small_world,none,0.2,9,1.0,175,18,65
small_world,none,0.2,10,0.9966666666666667,169,16,87
small_world,none,0.2,11,1.0,151,16,94
small_world,none,0.2,12,1.0,170,18,66
small_world,none,0.2,13,1.0,162,20,65
small_world,none,0.2,14,0.0033333333333333335,1,0,1
small_world,none,0.2,15,0.9933333333333333,145,27,95
small_world,none,0.2,16,0.9966666666666667,148,21,76
small_world,none,0.2,17,1.0,173,18,70
small_world,none,0.2,18,1.0,168,19,76
small_world,none,0.2,19,0.9966666666666667,158,20,69
small_world,none,0.2,20,1.0,152,13,75
small_world,none,0.2,21,1.0,181,18,78
small_world,none,0.2,22,1.0,178,17,54
small_world,none,0.2,23,1.0,149,19,75
small_world,none,0.2,24,1.0,168,18,69
small_world,none,0.2,25,1.0,163,19,115
small_world,none,0.2,26,0.9966666666666667,157,23,87
small_world,none,0.2,27,0.9966666666666667,158,16,60
small_world,none,0.2,28,0.9933333333333333,162,21,69
small_world,none,0.2,29,1.0,155,17,83
small_world,random,0.02,0,0.013333333333333334,3,7,40
small_world,random,0.02,1,0.013333333333333334,4,11,18
small_world,random,0.02,2,0.006666666666666667,2,14,17
small_world,random,0.02,3,0.0033333333333333335,1,0,4
small_world,random,0.02,4,0.0033333333333333335,1,0,1
small_world,random,0.02,5,0.05,6,6,54
small_world,random,0.02,6,0.013333333333333334,2,1,32
small_world,random,0.02,7,0.0033333333333333335,1,0,3
small_world,random,0.02,8,0.0033333333333333335,1,0,5
small_world,random,0.02,9,0.0033333333333333335,1,0,3
small_world,random,0.02,10,0.0033333333333333335,1,0,7
small_world,random,0.02,11,0.03,8,10,18
small_world,random,0.02,12,0.02,4,37,66
small_world,random,0.02,13,0.0033333333333333335,1,0,2
small_world,random,0.02,14,0.006666666666666667,2,5,19
small_world,random,0.02,15,0.02,4,15,50
small_world,random,0.02,16,0.02,4,5,24
small_world,random,0.02,17,0.013333333333333334,2,7,20
small_world,random,0.02,18,0.013333333333333334,4,23,45
small_world,random,0.02,19,0.0033333333333333335,1,0,4
small_world,random,0.02,20,0.0033333333333333335,1,0,6
small_world,random,0.02,21,0.013333333333333334,3,4,28
small_world,random,0.02,22,0.02666666666666667,6,29,65
small_world,random,0.02,23,0.0033333333333333335,1,0,10
small_world,random,0.02,24,0.0033333333333333335,1,0,1
small_world,random,0.02,25,0.006666666666666667,2,1,5
small_world,random,0.02,26,0.006666666666666667,1,0,20
small_world,random,0.02,27,0.0033333333333333335,1,0,3
small_world,random,0.02,28,0.0033333333333333335,1,0,2
small_world,random,0.02,29,0.0033333333333333335,1,0,11
small_world,random,0.04,0,0.03,5,19,29
small_world,random,0.04,1,0.09333333333333334,7,13,134
small_world,random,0.04,2,0.07666666666666666,9,32,51
small_world,random,0.04,3,0.0033333333333333335,1,0,4
small_world,random,0.04,4,0.0033333333333333335,1,0,1
small_world,random,0.04,5,0.13,9,13,72
small_world,random,0.04,6,0.023333333333333334,5,9,27
small_world,random,0.04,7,0.0033333333333333335,1,0,3
small_world,random,0.04,8,0.12,9,45,75
small_world,random,0.04,9,0.0033333333333333335,1,0,3
small_world,random,0.04,10,0.0033333333333333335,1,0,7
small_world,random,0.04,11,0.02666666666666667,4,8,22
small_world,random,0.04,12,0.02666666666666667,4,18,34
small_world,random,0.04,13,0.0033333333333333335,1,0,2
small_world,random,0.04,14,0.03666666666666667,5,13,40
small_world,random,0.04,15,0.03666666666666667,5,23,61
small_world,random,0.04,16,0.04,6,4,43
small_world,random,0.04,17,0.013333333333333334,2,7,20
small_world,random,0.04,18,0.013333333333333334,4,23,45
small_world,random,0.04,19,0.0033333333333333335,1,0,4
small_world,random,0.04,20,0.03666666666666667,5,18,36
small_world,random,0.04,21,0.2866666666666667,18,45,140
small_world,random,0.04,22,0.03666666666666667,4,36,85
small_world,random,0.04,23,0.01,2,2,9
small_world,random,0.04,24,0.0033333333333333335,1,0,1
small_world,random,0.04,25,0.05333333333333334,7,27,54
small_world,random,0.04,26,0.006666666666666667,2,4,13
small_world,random,0.04,27,0.0033333333333333335,1,0,3
small_world,random,0.04,28,0.0033333333333333335,1,0,2
small_world,random,0.04,29,0.0033333333333333335,1,0,11
small_world,random,0.06,0,0.7433333333333333,36,77,159
small_world,random,0.06,1,0.03666666666666667,7,15,43
small_world,random,0.06,2,0.4766666666666667,17,91,204
small_world,random,0.06,3,0.0033333333333333335,1,0,4
small_world,random,0.06,4,0.0033333333333333335,1,0,1
small_world,random,0.06,5,0.8166666666666667,38,98,153
small_world,random,0.06,6,0.03666666666666667,6,11,24
small_world,random,0.06,7,0.016666666666666666,4,3,34
small_world,random,0.06,8,0.016666666666666666,3,2,21
small_world,random,0.06,9,0.023333333333333334,4,12,19
small_world,random,0.06,10,0.016666666666666666,4,6,17
small_world,random,0.06,11,0.6366666666666667,32,97,174
small_world,random,0.06,12,0.03,4,9,35
small_world,random,0.06,13,0.0033333333333333335,1,0,2
small_world,random,0.06,14,0.6233333333333333,36,52,148
small_world,random,0.06,15,0.5833333333333334,31,69,195
small_world,random,0.06,16,0.25,20,13,71
small_world,random,0.06,17,0.5166666666666667,27,65,121
small_world,random,0.06,18,0.013333333333333334,4,23,45
small_world,random,0.06,19,0.0033333333333333335,1,0,4
small_world,random,0.06,20,0.02,3,16,22
small_world,random,0.06,21,0.6433333333333333,33,43,114
small_world,random,0.06,22,0.01,2,2,7
small_world,random,0.06,23,0.02,3,5,20
small_world,random,0.06,24,0.0033333333333333335,1,0,1
small_world,random,0.06,25,0.17666666666666667,10,54,93
small_world,random,0.06,26,0.24,17,68,116
small_world,random,0.06,27,0.0033333333333333335,1,0,3
small_world,random,0.06,28,0.0033333333333333335,1,0,2
small_world,random,0.06,29,0.0033333333333333335,1,0,11
small_world,random,0.08,0,0.7366666666666667,51,62,124
small_world,random,0.08,1,0.8066666666666666,54,63,185
small_world,random,0.08,2,0.6633333333333333,45,33,111
small_world,random,0.08,3,0.0033333333333333335,1,0,4
small_world,random,0.08,4,0.0033333333333333335,1,0,1
small_world,random,0.08,5,0.7833333333333333,68,37,121
small_world,random,0.08,6,0.7433333333333333,45,56,145
small_world,random,0.08,7,0.63,44,90,143
small_world,random,0.08,8,0.75,41,66,132
small_world,random,0.08,9,0.8066666666666666,59,67,143
small_world,random,0.08,10,0.7933333333333333,50,51,112
small_world,random,0.08,11,0.7533333333333333,76,80,131
small_world,random,0.08,12,0.02666666666666667,5,10,23
small_world,random,0.08,13,0.0033333333333333335,1,0,2
small_world,random,0.08,14,0.81,64,50,129
small_world,random,0.08,15,0.013333333333333334,4,4,22
small_world,random,0.08,16,0.59,35,34,114
small_world,random,0.08,17,0.7033333333333334,43,39,101
small_world,random,0.08,18,0.016666666666666666,4,23,55
small_world,random,0.08,19,0.09,7,13,92
small_world,random,0.08,20,0.81,48,95,177
small_world,random,0.08,21,0.76,74,35,88
small_world,random,0.08,22,0.67,44,51,118
small_world,random,0.08,23,0.7933333333333333,41,63,277
small_world,random,0.08,24,0.0033333333333333335,1,0,1
small_world,random,0.08,25,0.4266666666666667,34,39,80
small_world,random,0.08,26,0.8266666666666667,65,145,216
small_world,random,0.08,27,0.2866666666666667,20,46,94
small_world,random,0.08,28,0.0033333333333333335,1,0,2
small_world,random,0.08,29,0.0033333333333333335,1,0,11
small_world,random,0.1,0,0.88,78,40,113
small_world,random,0.1,1,0.8466666666666667,90,55,120
small_world,random,0.1,2,0.85,59,46,142
small_world,random,0.1,3,0.0033333333333333335,1,0,4
small_world,random,0.1,4,0.006666666666666667,1,0,2
small_world,random,0.1,5,0.82,75,34,95
small_world,random,0.1,6,0.87,56,53,96
small_world,random,0.1,7,0.74,50,54,104
small_world,random,0.1,8,0.7366666666666667,55,46,101
small_world,random,0.1,9,0.8,38,46,174
small_world,random,0.1,10,0.89,95,46,123
small_world,random,0.1,11,0.8266666666666667,62,61,107
small_world,random,0.1,12,0.06333333333333334,12,16,66
small_world,random,0.1,13,0.0033333333333333335,1,0,2
small_world,random,0.1,14,0.8533333333333334,85,41,92
small_world,random,0.1,15,0.013333333333333334,4,4,22
small_world,random,0.1,16,0.86,62,42,89
small_world,random,0.1,17,0.89,106,29,86
small_world,random,0.1,18,0.006666666666666667,2,16,18
small_world,random,0.1,19,0.8666666666666667,74,46,94
small_world,random,0.1,20,0.8733333333333333,71,46,126
small_world,random,0.1,21,0.8466666666666667,72,36,81
small_world,random,0.1,22,0.83,59,43,85
small_world,random,0.1,23,0.7566666666666667,59,36,87
small_world,random,0.1,24,0.0033333333333333335,1,0,1
small_world,random,0.1,25,0.8433333333333334,39,33,145
small_world,random,0.1,26,0.83,58,77,145
small_world,random,0.1,27,0.79,58,40,91
small_world,random,0.1,28,0.0033333333333333335,1,0,2
small_world,random,0.1,29,0.016666666666666666,4,13,50
small_world,random,0.15,0,0.8866666666666667,115,33,83
small_world,random,0.15,1,0.88,87,45,111
small_world,random,0.15,2,0.9,130,30,81
small_world,random,0.15,3,0.8633333333333333,85,27,85
small_world,random,0.15,4,0.006666666666666667,1,0,2
small_world,random,0.15,5,0.9,118,26,75
small_world,random,0.15,6,0.8766666666666667,97,32,80
small_world,random,0.15,7,0.8933333333333333,112,25,90
small_world,random,0.15,8,0.8566666666666667,116,25,83
small_world,random,0.15,9,0.8933333333333333,107,23,77
small_world,random,0.15,10,0.8933333333333333,121,32,86
small_world,random,0.15,11,0.8966666666666666,117,26,98
small_world,random,0.15,12,0.85,93,47,122
small_world,random,0.15,13,0.0033333333333333335,1,0,2
small_world,random,0.15,14,0.8866666666666667,102,30,89
small_world,random,0.15,15,0.8966666666666666,121,34,108
small_world,random,0.15,16,0.8866666666666667,103,26,65
small_world,random,0.15,17,0.86,95,26,105
small_world,random,0.15,18,0.02666666666666667,6,9,31
small_world,random,0.15,19,0.8466666666666667,87,39,80
small_world,random,0.15,20,0.9,117,31,98
small_world,random,0.15,21,0.8533333333333334,124,21,67
small_world,random,0.15,22,0.88,100,17,62
small_world,random,0.15,23,0.9,98,27,140
small_world,random,0.15,24,0.0033333333333333335,1,0,1
small_world,random,0.15,25,0.8966666666666666,112,31,76
small_world,random,0.15,26,0.89,132,26,106
small_world,random,0.15,27,0.8866666666666667,112,26,85
small_world,random,0.15,28,0.79,90,38,92
small_world,random,0.15,29,0.8566666666666667,106,47,95
small_world,random,0.2,0,0.8966666666666666,118,28,82
small_world,random,0.2,1,0.9,132,24,84
small_world,random,0.2,2,0.8966666666666666,139,27,92
small_world,random,0.2,3,0.8966666666666666,128,18,87
small_world,random,0.2,4,0.006666666666666667,1,0,2
small_world,random,0.2,5,0.88,114,22,65
small_world,random,0.2,6,0.9,136,23,61
small_world,random,0.2,7,0.89,109,21,73
small_world,random,0.2,8,0.8833333333333333,116,21,83
small_world,random,0.2,9,0.8966666666666666,127,17,80
small_world,random,0.2,10,0.8933333333333333,118,29,120
small_world,random,0.2,11,0.8966666666666666,138,22,73
small_world,random,0.2,12,0.8966666666666666,141,21,92
small_world,random,0.2,13,0.8966666666666666,142,20,69
small_world,random,0.2,14,0.8933333333333333,139,26,72
small_world,random,0.2,15,0.8866666666666667,134,26,67
small_world,random,0.2,16,0.9,137,17,65
small_world,random,0.2,17,0.9,121,17,99
small_world,random,0.2,18,0.8966666666666666,125,26,66
small_world,random,0.2,19,0.9,128,23,75
small_world,random,0.2,20,0.8966666666666666,134,19,64
small_world,random,0.2,21,0.8966666666666666,111,20,64
small_world,random,0.2,22,0.8933333333333333,133,20,63
small_world,random,0.2,23,0.8933333333333333,131,23,70
small_world,random,0.2,24,0.9,146,20,65
small_world,random,0.2,25,0.9,127,22,77
small_world,random,0.2,26,0.9,141,25,90
small_world,random,0.2,27,0.8933333333333333,133,21,85
small_world,random,0.2,28,0.9,140,26,84
small_world,random,0.2,29,0.89,120,28,72
small_world,degree,0.02,0,0.0033333333333333335,1,0,5
small_world,degree,0.02,1,0.01,3,10,24
small_world,degree,0.02,2,0.006666666666666667,2,14,17
small_world,degree,0.02,3,0.006666666666666667,1,0,11
small_world,degree,0.02,4,0.01,3,4,20
small_world,degree,0.02,5,0.016666666666666666,3,4,21
small_world,degree,0.02,6,0.006666666666666667,2,1,17
small_world,degree,0.02,7,0.0033333333333333335,1,0,10
small_world,degree,0.02,8,0.0033333333333333335,1,0,4
small_world,degree,0.02,9,0.0033333333333333335,1,0,3
small_world,degree,0.02,10,0.01,2,5,20
small_world,degree,0.02,11,0.0033333333333333335,1,0,4
small_world,degree,0.02,12,0.01,3,12,13
small_world,degree,0.02,13,0.006666666666666667,2,11,22
small_world,degree,0.02,14,0.013333333333333334,3,16,20
small_world,degree,0.02,15,0.02,4,10,41
small_world,degree,0.02,16,0.006666666666666667,2,1,4
small_world,degree,0.02,17,0.006666666666666667,2,8,14
small_world,degree,0.02,18,0.013333333333333334,3,12,22
small_world,degree,0.02,19,0.0033333333333333335,1,0,4
small_world,degree,0.02,20,0.01,3,11,14
small_world,degree,0.02,21,0.016666666666666666,4,8,31
small_world,degree,0.02,22,0.0033333333333333335,1,0,3
small_world,degree,0.02,23,0.0033333333333333335,1,0,6
small_world,degree,0.02,24,0.0033333333333333335,1,0,5
small_world,degree,0.02,25,0.013333333333333334,2,1,31
small_world,degree,0.02,26,0.006666666666666667,1,0,22
small_world,degree,0.02,27,0.0033333333333333335,1,0,2
small_world,degree,0.02,28,0.0033333333333333335,1,0,14
small_world,degree,0.02,29,0.0033333333333333335,1,0,11
small_world,degree,0.04,0,0.0033333333333333335,1,0,5
small_world,degree,0.04,1,0.17,13,37,105
small_world,degree,0.04,2,0.006666666666666667,2,2,10
small_world,degree,0.04,3,0.01,2,6,11
small_world,degree,0.04,4,0.013333333333333334,3,2,10
small_world,degree,0.04,5,0.12333333333333334,12,16,42
small_world,degree,0.04,6,0.08,8,62,75
small_world,degree,0.04,7,0.0033333333333333335,1,0,10
small_world,degree,0.04,8,0.03666666666666667,4,27,45
small_world,degree,0.04,9,0.0033333333333333335,1,0,3
small_world,degree,0.04,10,0.016666666666666666,3,7,23
small_world,degree,0.04,11,0.0033333333333333335,1,0,4
small_world,degree,0.04,12,0.023333333333333334,6,11,22
small_world,degree,0.04,13,0.006666666666666667,2,3,11
small_world,degree,0.04,14,0.02666666666666667,5,11,31
small_world,degree,0.04,15,0.02666666666666667,4,10,66
small_world,degree,0.04,16,0.013333333333333334,2,1,7
small_world,degree,0.04,17,0.006666666666666667,2,8,14
small_world,degree,0.04,18,0.013333333333333334,3,12,22
small_world,degree,0.04,19,0.0033333333333333335,1,0,4
small_world,degree,0.04,20,0.03,4,7,35
small_world,degree,0.04,21,0.03333333333333333,7,8,33
small_world,degree,0.04,22,0.0033333333333333335,1,0,3
small_world,degree,0.04,23,0.056666666666666664,8,33,50
small_world,degree,0.04,24,0.0033333333333333335,1,0,5
small_world,degree,0.04,25,0.03,5,7,22
small_world,degree,0.04,26,0.056666666666666664,5,38,81
small_world,degree,0.04,27,0.0033333333333333335,1,0,2
small_world,degree,0.04,28,0.14666666666666667,11,45,112
small_world,degree,0.04,29,0.0033333333333333335,1,0,11
small_world,degree,0.06,0,0.0033333333333333335,1,0,5
small_world,degree,0.06,1,0.26,22,67,101
small_world,degree,0.06,2,0.006666666666666667,2,2,10
small_world,degree,0.06,3,0.01,2,6,11
small_world,degree,0.06,4,0.03666666666666667,4,2,53
small_world,degree,0.06,5,0.46,21,65,114
small_world,degree,0.06,6,0.016666666666666666,3,23,55
small_world,degree,0.06,7,0.02666666666666667,3,3,56
small_world,degree,0.06,8,0.2633333333333333,19,48,77
small_world,degree,0.06,9,0.08666666666666667,6,22,92
small_world,degree,0.06,10,0.013333333333333334,3,6,11
small_world,degree,0.06,11,0.0033333333333333335,1,0,4
small_world,degree,0.06,12,0.09,7,10,68
small_world,degree,0.06,13,0.016666666666666666,3,20,26
small_world,degree,0.06,14,0.06333333333333334,8,13,66
small_world,degree,0.06,15,0.02,3,1,17
small_world,degree,0.06,16,0.013333333333333334,2,1,7
small_world,degree,0.06,17,0.11,11,14,50
small_world,degree,0.06,18,0.013333333333333334,3,12,22
small_world,degree,0.06,19,0.0033333333333333335,1,0,4
small_world,degree,0.06,20,0.03,5,15,30
small_world,degree,0.06,21,0.5833333333333334,34,64,117
small_world,degree,0.06,22,0.043333333333333335,7,12,57
small_world,degree,0.06,23,0.43,25,111,183
small_world,degree,0.06,24,0.0033333333333333335,1,0,5
small_world,degree,0.06,25,0.03,5,7,22
small_world,degree,0.06,26,0.15,19,34,70
small_world,degree,0.06,27,0.0033333333333333335,1,0,2
small_world,degree,0.06,28,0.12333333333333334,9,38,106
small_world,degree,0.06,29,0.0033333333333333335,1,0,11
small_world,degree,0.08,0,0.0033333333333333335,1,0,5
small_world,degree,0.08,1,0.023333333333333334,3,3,27
small_world,degree,0.08,2,0.006666666666666667,2,2,10
small_world,degree,0.08,3,0.6166666666666667,26,76,150
small_world,degree,0.08,4,0.62,46,87,150
small_world,degree,0.08,5,0.5566666666666666,36,33,137
small_world,degree,0.08,6,0.016666666666666666,3,23,55
small_world,degree,0.08,7,0.68,38,53,132
small_world,degree,0.08,8,0.12666666666666668,12,26,41
small_world,degree,0.08,9,0.5266666666666666,40,59,117
small_world,degree,0.08,10,0.7433333333333333,37,100,267
small_world,degree,0.08,11,0.62,46,49,125
small_world,degree,0.08,12,0.056666666666666664,7,10,48
small_world,degree,0.08,13,0.44666666666666666,21,78,112
small_world,degree,0.08,14,0.023333333333333334,4,9,16
small_world,degree,0.08,15,0.6433333333333333,34,62,154
small_world,degree,0.08,16,0.013333333333333334,2,1,7
small_world,degree,0.08,17,0.7433333333333333,48,51,117
small_world,degree,0.08,18,0.44333333333333336,22,58,100
small_world,degree,0.08,19,0.6533333333333333,23,115,164
small_world,degree,0.08,20,0.03,5,15,30
small_world,degree,0.08,21,0.5966666666666667,22,58,176
small_world,degree,0.08,22,0.03,5,4,18
small_world,degree,0.08,23,0.05,9,14,36
small_world,degree,0.08,24,0.6,25,139,203
small_world,degree,0.08,25,0.5633333333333334,16,93,240
small_world,degree,0.08,26,0.63,38,72,148
small_world,degree,0.08,27,0.5766666666666667,34,92,159
small_world,degree,0.08,28,0.5466666666666666,27,52,193
small_world,degree,0.08,29,0.0033333333333333335,1,0,11
small_world,degree,0.1,0,0.0033333333333333335,1,0,5
small_world,degree,0.1,1,0.7233333333333334,44,75,153
small_world,degree,0.1,2,0.8066666666666666,70,38,163
small_world,degree,0.1,3,0.7266666666666667,73,54,111
small_world,degree,0.1,4,0.6133333333333333,44,41,88
small_world,degree,0.1,5,0.8,71,36,103
small_world,degree,0.1,6,0.8166666666666667,56,45,138
small_world,degree,0.1,7,0.7833333333333333,64,42,96
small_world,degree,0.1,8,0.69,35,17,204
small_world,degree,0.1,9,0.7966666666666666,53,54,116
small_world,degree,0.1,10,0.79,52,72,143
small_world,degree,0.1,11,0.08666666666666667,10,10,33
small_world,degree,0.1,12,0.7033333333333334,40,58,174
small_world,degree,0.1,13,0.8066666666666666,65,22,130
small_world,degree,0.1,14,0.7666666666666667,46,58,114
small_world,degree,0.1,15,0.05,10,13,40
small_world,degree,0.1,16,0.81,64,29,103
small_world,degree,0.1,17,0.7766666666666666,58,44,109
small_world,degree,0.1,18,0.59,43,30,112
small_world,degree,0.1,19,0.71,55,39,94
small_world,degree,0.1,20,0.09333333333333334,9,14,36
small_world,degree,0.1,21,0.7333333333333333,30,63,179
small_world,degree,0.1,22,0.05333333333333334,7,9,62
small_world,degree,0.1,23,0.5833333333333334,45,83,129
small_world,degree,0.1,24,0.5766666666666667,30,44,119
small_world,degree,0.1,25,0.72,45,35,141
small_world,degree,0.1,26,0.7833333333333333,51,43,144
small_world,degree,0.1,27,0.8066666666666666,55,39,92
small_world,degree,0.1,28,0.02666666666666667,4,15,33
small_world,degree,0.1,29,0.04,5,29,63
small_world,degree,0.15,0,0.8566666666666667,80,43,107
small_world,degree,0.15,1,0.8966666666666666,85,46,105
small_world,degree,0.15,2,0.9,108,35,101
small_world,degree,0.15,3,0.85,105,32,90
small_world,degree,0.15,4,0.8833333333333333,68,32,124
small_world,degree,0.15,5,0.8766666666666667,113,21,87
small_world,degree,0.15,6,0.8633333333333333,83,56,110
small_world,degree,0.15,7,0.86,89,27,86
small_world,degree,0.15,8,0.8033333333333333,66,28,96
small_world,degree,0.15,9,0.8966666666666666,92,32,103
small_world,degree,0.15,10,0.86,67,60,111
small_world,degree,0.15,11,0.79,95,26,77
small_world,degree,0.15,12,0.83,67,40,157
small_world,degree,0.15,13,0.81,96,27,76
small_world,degree,0.15,14,0.8366666666666667,88,52,98
small_world,degree,0.15,15,0.8466666666666667,74,58,120
small_world,degree,0.15,16,0.84,71,32,88
small_world,degree,0.15,17,0.8733333333333333,72,38,123
small_world,degree,0.15,18,0.7433333333333333,68,31,82
small_world,degree,0.15,19,0.86,77,33,85
small_world,degree,0.15,20,0.8733333333333333,93,27,92
small_world,degree,0.15,21,0.8366666666666667,84,31,83
small_world,degree,0.15,22,0.67,65,40,120
small_world,degree,0.15,23,0.8533333333333334,73,26,97
small_world,degree,0.15,24,0.81,86,24,70
small_world,degree,0.15,25,0.81,75,36,86
small_world,degree,0.15,26,0.8266666666666667,68,35,94
small_world,degree,0.15,27,0.8033333333333333,95,23,108
small_world,degree,0.15,28,0.8633333333333333,77,46,101
small_world,degree,0.15,29,0.02666666666666667,6,15,48
small_world,degree,0.2,0,0.89,79,34,83
small_world,degree,0.2,1,0.8633333333333333,137,26,90
small_world,degree,0.2,2,0.8466666666666667,112,22,81
small_world,degree,0.2,3,0.8333333333333334,123,24,81
small_world,degree,0.2,4,0.8633333333333333,126,23,85
small_world,degree,0.2,5,0.86,132,21,65
small_world,degree,0.2,6,0.013333333333333334,3,4,14
small_world,degree,0.2,7,0.8833333333333333,99,18,72
small_world,degree,0.2,8,0.9,81,35,85
small_world,degree,0.2,9,0.8733333333333333,111,19,69
small_world,degree,0.2,10,0.87,115,37,93
small_world,degree,0.2,11,0.8533333333333334,86,27,83
small_world,degree,0.2,12,0.8433333333333334,76,37,94
small_world,degree,0.2,13,0.89,103,21,95
small_world,degree,0.2,14,0.8966666666666666,119,31,77
small_world,degree,0.2,15,0.7966666666666666,101,35,90
small_world,degree,0.2,16,0.8766666666666667,92,24,97
small_world,degree,0.2,17,0.8966666666666666,107,22,89
small_world,degree,0.2,18,0.9,118,23,65
small_world,degree,0.2,19,0.8733333333333333,102,27,87
small_world,degree,0.2,20,0.8866666666666667,111,27,81
small_world,degree,0.2,21,0.8533333333333334,123,22,70
small_world,degree,0.2,22,0.8833333333333333,103,23,78
small_world,degree,0.2,23,0.87,106,23,94
small_world,degree,0.2,24,0.87,104,21,64
small_world,degree,0.2,25,0.8433333333333334,96,24,73
small_world,degree,0.2,26,0.8866666666666667,102,28,117
small_world,degree,0.2,27,0.8666666666666667,98,25,86
small_world,degree,0.2,28,0.89,123,26,87
small_world,degree,0.2,29,0.89,108,29,76
small_world,betweenness,0.02,0,0.0033333333333333335,1,0,5
small_world,betweenness,0.02,1,0.013333333333333334,4,12,19
small_world,betweenness,0.02,2,0.006666666666666667,2,12,14
small_world,betweenness,0.02,3,0.006666666666666667,1,0,16
small_world,betweenness,0.02,4,0.01,3,4,16
small_world,betweenness,0.02,5,0.0033333333333333335,1,0,1
small_world,betweenness,0.02,6,0.016666666666666666,2,1,28
small_world,betweenness,0.02,7,0.0033333333333333335,1,0,10
small_world,betweenness,0.02,8,0.0033333333333333335,1,0,5
small_world,betweenness,0.02,9,0.0033333333333333335,1,0,3
small_world,betweenness,0.02,10,0.01,2,5,20
small_world,betweenness,0.02,11,0.03666666666666667,8,10,37
small_world,betweenness,0.02,12,0.006666666666666667,2,2,11
small_world,betweenness,0.02,13,0.0033333333333333335,1,0,2
small_world,betweenness,0.02,14,0.0033333333333333335,1,0,1
small_world,betweenness,0.02,15,0.01,3,1,11
small_world,betweenness,0.02,16,0.006666666666666667,2,1,4
small_world,betweenness,0.02,17,0.006666666666666667,2,12,27
small_world,betweenness,0.02,18,0.02,4,13,43
small_world,betweenness,0.02,19,0.0033333333333333335,1,0,6
small_world,betweenness,0.02,20,0.0033333333333333335,1,0,3
small_world,betweenness,0.02,21,0.056666666666666664,6,44,76
small_world,betweenness,0.02,22,0.006666666666666667,2,10,13
small_world,betweenness,0.02,23,0.0033333333333333335,1,0,2
small_world,betweenness,0.02,24,0.0033333333333333335,1,0,1
small_world,betweenness,0.02,25,0.016666666666666666,3,6,24
small_world,betweenness,0.02,26,0.006666666666666667,1,0,15
small_world,betweenness,0.02,27,0.0033333333333333335,1,0,2
small_world,betweenness,0.02,28,0.0033333333333333335,1,0,14
small_world,betweenness,0.02,29,0.0033333333333333335,1,0,12
small_world,betweenness,0.04,0,0.0033333333333333335,1,0,5
small_world,betweenness,0.04,1,0.02,4,12,21
small_world,betweenness,0.04,2,0.02666666666666667,5,11,30
small_world,betweenness,0.04,3,0.08666666666666667,8,19,49
small_world,betweenness,0.04,4,0.013333333333333334,3,2,15
small_world,betweenness,0.04,5,0.0033333333333333335,1,0,1
small_world,betweenness,0.04,6,0.02,2,1,25
small_world,betweenness,0.04,7,0.0033333333333333335,1,0,10
small_world,betweenness,0.04,8,0.023333333333333334,4,11,47
small_world,betweenness,0.04,9,0.0033333333333333335,1,0,3
small_world,betweenness,0.04,10,0.016666666666666666,3,7,23
small_world,betweenness,0.04,11,0.04,4,8,42
small_world,betweenness,0.04,12,0.006666666666666667,2,2,11
small_world,betweenness,0.04,13,0.0033333333333333335,1,0,2
small_world,betweenness,0.04,14,0.0033333333333333335,1,0,1
small_world,betweenness,0.04,15,0.01,3,1,11
small_world,betweenness,0.04,16,0.02,3,9,20
small_world,betweenness,0.04,17,0.006666666666666667,2,12,27
small_world,betweenness,0.04,18,0.18666666666666668,14,80,157
small_world,betweenness,0.04,19,0.0033333333333333335,1,0,6
small_world,betweenness,0.04,20,0.0033333333333333335,1,0,3
small_world,betweenness,0.04,21,0.03,6,8,30
small_world,betweenness,0.04,22,0.013333333333333334,3,6,12
small_world,betweenness,0.04,23,0.006666666666666667,1,0,3
small_world,betweenness,0.04,24,0.0033333333333333335,1,0,1
small_world,betweenness,0.04,25,0.09,6,83,101
small_world,betweenness,0.04,26,0.02,3,18,38
small_world,betweenness,0.04,27,0.0033333333333333335,1,0,2
small_world,betweenness,0.04,28,0.056666666666666664,7,38,70
small_world,betweenness,0.04,29,0.0033333333333333335,1,0,12
small_world,betweenness,0.06,0,0.0033333333333333335,1,0,5
small_world,betweenness,0.06,1,0.02,4,12,21
small_world,betweenness,0.06,2,0.04666666666666667,9,14,58
small_world,betweenness,0.06,3,0.33,27,36,121
small_world,betweenness,0.06,4,0.03,4,2,34
small_world,betweenness,0.06,5,0.0033333333333333335,1,0,1
small_world,betweenness,0.06,6,0.02,2,1,25
small_world,betweenness,0.06,7,0.013333333333333334,3,3,14
small_world,betweenness,0.06,8,0.03,5,4,32
small_world,betweenness,0.06,9,0.02,3,12,18
small_world,betweenness,0.06,10,0.013333333333333334,3,6,11
small_world,betweenness,0.06,11,0.03666666666666667,6,10,17
small_world,betweenness,0.06,12,0.006666666666666667,2,2,11
small_world,betweenness,0.06,13,0.0033333333333333335,1,0,2
small_world,betweenness,0.06,14,0.0033333333333333335,1,0,1
small_world,betweenness,0.06,15,0.04,5,33,60
small_world,betweenness,0.06,16,0.17,13,20,68
small_world,betweenness,0.06,17,0.023333333333333334,2,11,35
small_world,betweenness,0.06,18,0.06666666666666667,6,55,60
small_world,betweenness,0.06,19,0.0033333333333333335,1,0,6
small_world,betweenness,0.06,20,0.0033333333333333335,1,0,3
small_world,betweenness,0.06,21,0.37,17,32,150
small_world,betweenness,0.06,22,0.016666666666666666,3,3,13
small_world,betweenness,0.06,23,0.006666666666666667,1,0,3
small_world,betweenness,0.06,24,0.0033333333333333335,1,0,1
small_world,betweenness,0.06,25,0.45666666666666667,22,126,167
small_world,betweenness,0.06,26,0.03,6,9,39
small_world,betweenness,0.06,27,0.0033333333333333335,1,0,2
small_world,betweenness,0.06,28,0.48,28,69,144
small_world,betweenness,0.06,29,0.0033333333333333335,1,0,12
small_world,betweenness,0.08,0,0.0033333333333333335,1,0,5
small_world,betweenness,0.08,1,0.33666666666666667,21,31,128
small_world,betweenness,0.08,2,0.043333333333333335,7,12,43
small_world,betweenness,0.08,3,0.5933333333333334,48,52,107
small_world,betweenness,0.08,4,0.043333333333333335,8,8,54
small_world,betweenness,0.08,5,0.0033333333333333335,1,0,1
small_world,betweenness,0.08,6,0.03333333333333333,4,28,32
small_world,betweenness,0.08,7,0.02666666666666667,3,3,27
small_world,betweenness,0.08,8,0.03666666666666667,6,9,35
small_world,betweenness,0.08,9,0.023333333333333334,3,12,21
small_world,betweenness,0.08,10,0.056666666666666664,11,19,26
small_world,betweenness,0.08,11,0.6433333333333333,31,152,229
small_world,betweenness,0.08,12,0.006666666666666667,2,2,11
small_world,betweenness,0.08,13,0.0033333333333333335,1,0,2
small_world,betweenness,0.08,14,0.0033333333333333335,1,0,1
small_world,betweenness,0.08,15,0.7066666666666667,29,80,223
small_world,betweenness,0.08,16,0.6566666666666666,55,44,87
small_world,betweenness,0.08,17,0.13666666666666666,17,19,54
small_world,betweenness,0.08,18,0.14333333333333334,11,31,83
small_world,betweenness,0.08,19,0.33,18,40,127
small_world,betweenness,0.08,20,0.0033333333333333335,1,0,3
small_world,betweenness,0.08,21,0.78,57,40,117
small_world,betweenness,0.08,22,0.6166666666666667,41,55,127
small_world,betweenness,0.08,23,0.006666666666666667,1,0,3
small_world,betweenness,0.08,24,0.0033333333333333335,1,0,1
small_world,betweenness,0.08,25,0.72,62,39,127
small_world,betweenness,0.08,26,0.03,7,9,43
small_world,betweenness,0.08,27,0.35,21,49,127
small_world,betweenness,0.08,28,0.016666666666666666,5,7,16
small_world,betweenness,0.08,29,0.73,42,51,190
small_world,betweenness,0.1,0,0.0033333333333333335,1,0,5
small_world,betweenness,0.1,1,0.7166666666666667,44,60,133
small_world,betweenness,0.1,2,0.7066666666666667,42,93,140
small_world,betweenness,0.1,3,0.74,40,63,127
small_world,betweenness,0.1,4,0.8233333333333334,52,75,155
small_world,betweenness,0.1,5,0.0033333333333333335,1,0,1
small_world,betweenness,0.1,6,0.76,40,43,121
small_world,betweenness,0.1,7,0.7733333333333333,47,35,92
small_world,betweenness,0.1,8,0.03333333333333333,7,4,31
small_world,betweenness,0.1,9,0.023333333333333334,3,12,21
small_world,betweenness,0.1,10,0.08333333333333333,10,12,49
small_world,betweenness,0.1,11,0.13666666666666666,13,36,67
small_world,betweenness,0.1,12,0.7266666666666667,45,68,145
small_world,betweenness,0.1,13,0.0033333333333333335,1,0,2
small_world,betweenness,0.1,14,0.0033333333333333335,1,0,1
small_world,betweenness,0.1,15,0.5233333333333333,24,42,146
small_world,betweenness,0.1,16,0.77,40,62,118
small_world,betweenness,0.1,17,0.8066666666666666,50,43,153
small_world,betweenness,0.1,18,0.8566666666666667,60,54,134
small_world,betweenness,0.1,19,0.46,26,46,98
small_world,betweenness,0.1,20,0.0033333333333333335,1,0,3
small_world,betweenness,0.1,21,0.7433333333333333,51,28,108
small_world,betweenness,0.1,22,0.61,52,55,139
small_world,betweenness,0.1,23,0.6433333333333333,30,73,142
small_world,betweenness,0.1,24,0.0033333333333333335,1,0,1
small_world,betweenness,0.1,25,0.6833333333333333,42,40,103
small_world,betweenness,0.1,26,0.09666666666666666,10,45,57
small_world,betweenness,0.1,27,0.6433333333333333,45,77,173
small_world,betweenness,0.1,28,0.016666666666666666,5,7,16
small_world,betweenness,0.1,29,0.6533333333333333,66,72,129
small_world,betweenness,0.15,0,0.88,77,46,108
small_world,betweenness,0.15,1,0.87,43,66,142
small_world,betweenness,0.15,2,0.8533333333333334,53,68,140
small_world,betweenness,0.15,3,0.8966666666666666,112,24,102
small_world,betweenness,0.15,4,0.8933333333333333,115,41,105
small_world,betweenness,0.15,5,0.0033333333333333335,1,0,1
small_world,betweenness,0.15,6,0.8833333333333333,59,44,107
small_world,betweenness,0.15,7,0.9,97,30,81
small_world,betweenness,0.15,8,0.8933333333333333,71,38,95
small_world,betweenness,0.15,9,0.88,87,22,99
small_world,betweenness,0.15,10,0.89,84,59,129
small_world,betweenness,0.15,11,0.8966666666666666,86,30,102
small_world,betweenness,0.15,12,0.87,88,54,114
small_world,betweenness,0.15,13,0.0033333333333333335,1,0,2
small_world,betweenness,0.15,14,0.0033333333333333335,1,0,1
small_world,betweenness,0.15,15,0.8766666666666667,83,35,103
small_world,betweenness,0.15,16,0.8766666666666667,84,39,76
small_world,betweenness,0.15,17,0.89,71,52,116
small_world,betweenness,0.15,18,0.8733333333333333,102,28,100
small_world,betweenness,0.15,19,0.8166666666666667,63,57,120
small_world,betweenness,0.15,20,0.89,84,31,98
small_world,betweenness,0.15,21,0.8833333333333333,87,31,93
small_world,betweenness,0.15,22,0.8133333333333334,70,38,82
small_world,betweenness,0.15,23,0.8466666666666667,68,45,141
small_world,betweenness,0.15,24,0.0033333333333333335,1,0,1
small_world,betweenness,0.15,25,0.86,71,55,134
small_world,betweenness,0.15,26,0.8866666666666667,91,38,101
small_world,betweenness,0.15,27,0.8466666666666667,61,49,108
small_world,betweenness,0.15,28,0.8466666666666667,68,55,121
small_world,betweenness,0.15,29,0.85,70,47,131
small_world,betweenness,0.2,0,0.83,77,41,97
small_world,betweenness,0.2,1,0.9,106,39,122
small_world,betweenness,0.2,2,0.8966666666666666,118,30,80
small_world,betweenness,0.2,3,0.87,112,18,77
small_world,betweenness,0.2,4,0.9,123,30,84
small_world,betweenness,0.2,5,0.0033333333333333335,1,0,1
small_world,betweenness,0.2,6,0.8766666666666667,107,24,74
small_world,betweenness,0.2,7,0.8966666666666666,92,27,83
small_world,betweenness,0.2,8,0.84,87,41,91
small_world,betweenness,0.2,9,0.87,119,26,67
small_world,betweenness,0.2,10,0.8966666666666666,99,38,103
small_world,betweenness,0.2,11,0.8666666666666667,99,29,94
small_world,betweenness,0.2,12,0.89,101,32,90
small_world,betweenness,0.2,13,0.9,105,28,88
small_world,betweenness,0.2,14,0.0033333333333333335,1,0,1
small_world,betweenness,0.2,15,0.88,100,31,78
small_world,betweenness,0.2,16,0.85,64,35,91
small_world,betweenness,0.2,17,0.8433333333333334,111,27,95
small_world,betweenness,0.2,18,0.8966666666666666,109,23,73
small_world,betweenness,0.2,19,0.8966666666666666,98,29,106
small_world,betweenness,0.2,20,0.8733333333333333,87,24,77
small_world,betweenness,0.2,21,0.8966666666666666,86,26,61
small_world,betweenness,0.2,22,0.02666666666666667,7,4,11
small_world,betweenness,0.2,23,0.8966666666666666,93,29,74
small_world,betweenness,0.2,24,0.9,98,16,73
small_world,betweenness,0.2,25,0.9,118,29,74
small_world,betweenness,0.2,26,0.8866666666666667,94,34,129
small_world,betweenness,0.2,27,0.9,116,25,78
small_world,betweenness,0.2,28,0.89,114,32,90
small_world,betweenness,0.2,29,0.88,115,37,100
scale_free,none,0.02,0,0.03,4,22,45
scale_free,none,0.02,1,0.0033333333333333335,1,0,5
scale_free,none,0.02,2,0.0033333333333333335,1,0,2
scale_free,none,0.02,3,0.02,3,10,24
scale_free,none,0.02,4,0.01,2,1,27
scale_free,none,0.02,5,0.14333333333333334,17,18,86
scale_free,none,0.02,6,0.0033333333333333335,1,0,1
scale_free,none,0.02,7,0.0033333333333333335,1,0,5
scale_free,none,0.02,8,0.0033333333333333335,1,0,4
scale_free,none,0.02,9,0.0033333333333333335,1,0,9
scale_free,none,0.02,10,0.006666666666666667,2,1,17
scale_free,none,0.02,11,0.0033333333333333335,1,0,6
scale_free,none,0.02,12,0.01,2,3,20
scale_free,none,0.02,13,0.006666666666666667,2,16,25
scale_free,none,0.02,14,0.023333333333333334,4,11,13
scale_free,none,0.02,15,0.25333333333333335,18,29,104
scale_free,none,0.02,16,0.0033333333333333335,1,0,1
scale_free,none,0.02,17,0.25333333333333335,13,34,111
scale_free,none,0.02,18,0.07666666666666666,6,22,70
scale_free,none,0.02,19,0.0033333333333333335,1,0,1
scale_free,none,0.02,20,0.0033333333333333335,1,0,6
scale_free,none,0.02,21,0.02666666666666667,4,5,38
scale_free,none,0.02,22,0.0033333333333333335,1,0,2
scale_free,none,0.02,23,0.0033333333333333335,1,0,6
scale_free,none,0.02,24,0.0033333333333333335,1,0,11
scale_free,none,0.02,25,0.01,3,6,12
scale_free,none,0.02,26,0.0033333333333333335,1,0,5
scale_free,none,0.02,27,0.0033333333333333335,1,0,3
scale_free,none,0.02,28,0.0033333333333333335,1,0,14
scale_free,none,0.02,29,0.0033333333333333335,1,0,1
scale_free,none,0.04,0,0.6933333333333334,84,35,102
scale_free,none,0.04,1,0.0033333333333333335,1,0,5
scale_free,none,0.04,2,0.0033333333333333335,1,0,2
scale_free,none,0.04,3,0.6633333333333333,58,25,99
scale_free,none,0.04,4,0.02,4,12,23
scale_free,none,0.04,5,0.73,79,34,99
scale_free,none,0.04,6,0.0033333333333333335,1,0,1
scale_free,none,0.04,7,0.0033333333333333335,1,0,5
scale_free,none,0.04,8,0.6566666666666666,67,42,89
scale_free,none,0.04,9,0.0033333333333333335,1,0,9
scale_free,none,0.04,10,0.6766666666666666,67,18,68
scale_free,none,0.04,11,0.0033333333333333335,1,0,6
scale_free,none,0.04,12,0.59,53,33,95
scale_free,none,0.04,13,0.6833333333333333,58,29,103
scale_free,none,0.04,14,0.6566666666666666,66,30,89
scale_free,none,0.04,15,0.6933333333333334,67,33,101
scale_free,none,0.04,16,0.0033333333333333335,1,0,1
scale_free,none,0.04,17,0.7466666666666667,77,35,95
scale_free,none,0.04,18,0.6733333333333333,66,33,89
scale_free,none,0.04,19,0.0033333333333333335,1,0,1
scale_free,none,0.04,20,0.7633333333333333,81,32,92
scale_free,none,0.04,21,0.7466666666666667,75,29,95
scale_free,none,0.04,22,0.0033333333333333335,1,0,2
scale_free,none,0.04,23,0.5866666666666667,51,40,123
scale_free,none,0.04,24,0.0033333333333333335,1,0,11
scale_free,none,0.04,25,0.6833333333333333,67,22,90
scale_free,none,0.04,26,0.5933333333333334,60,34,101
scale_free,none,0.04,27,0.0033333333333333335,1,0,3
scale_free,none,0.04,28,0.5433333333333333,48,45,105
scale_free,none,0.04,29,0.0033333333333333335,1,0,1
scale_free,none,0.06,0,0.82,86,28,86
scale_free,none,0.06,1,0.0033333333333333335,1,0,5
scale_free,none,0.06,2,0.0033333333333333335,1,0,2
scale_free,none,0.06,3,0.7833333333333333,96,19,79
scale_free,none,0.06,4,0.8066666666666666,83,31,98
scale_free,none,0.06,5,0.8566666666666667,107,22,71
scale_free,none,0.06,6,0.0033333333333333335,1,0,1
scale_free,none,0.06,7,0.8533333333333334,104,21,102
scale_free,none,0.06,8,0.8,94,27,93
scale_free,none,0.06,9,0.7866666666666666,101,30,93
scale_free,none,0.06,10,0.8466666666666667,117,18,79
scale_free,none,0.06,11,0.0033333333333333335,1,0,6
scale_free,none,0.06,12,0.8466666666666667,98,27,98
scale_free,none,0.06,13,0.8466666666666667,108,28,68
scale_free,none,0.06,14,0.86,108,23,97
scale_free,none,0.06,15,0.7533333333333333,98,17,81
scale_free,none,0.06,16,0.0033333333333333335,1,0,1
scale_free,none,0.06,17,0.9166666666666666,115,29,79
scale_free,none,0.06,18,0.81,103,30,104
scale_free,none,0.06,19,0.0033333333333333335,1,0,1
scale_free,none,0.06,20,0.7933333333333333,75,25,102
scale_free,none,0.06,21,0.7866666666666666,104,16,69
scale_free,none,0.06,22,0.0033333333333333335,1,0,2
scale_free,none,0.06,23,0.7466666666666667,93,23,101
scale_free,none,0.06,24,0.0033333333333333335,1,0,11
scale_free,none,0.06,25,0.8,102,23,78
scale_free,none,0.06,26,0.8366666666666667,109,28,92
scale_free,none,0.06,27,0.0033333333333333335,1,0,3
scale_free,none,0.06,28,0.8033333333333333,99,40,101
scale_free,none,0.06,29,0.0033333333333333335,1,0,1
scale_free,none,0.08,0,0.9166666666666666,139,28,81
scale_free,none,0.08,1,0.9,124,19,78
scale_free,none,0.08,2,0.0033333333333333335,1,0,2
scale_free,none,0.08,3,0.8866666666666667,110,24,77
scale_free,none,0.08,4,0.9266666666666666,124,18,61
scale_free,none,0.08,5,0.89,113,27,105
scale_free,none,0.08,6,0.0033333333333333335,1,0,1
scale_free,none,0.08,7,0.9033333333333333,128,16,79
scale_free,none,0.08,8,0.8966666666666666,130,19,78
scale_free,none,0.08,9,0.92,130,20,79
scale_free,none,0.08,10,0.91,129,17,67
scale_free,none,0.08,11,0.9166666666666666,121,25,86
scale_free,none,0.08,12,0.8933333333333333,118,21,85
scale_free,none,0.08,13,0.9066666666666666,133,15,72
scale_free,none,0.08,14,0.89,107,19,77
scale_free,none,0.08,15,0.93,121,16,63
scale_free,none,0.08,16,0.0033333333333333335,1,0,1
scale_free,none,0.08,17,0.91,141,24,103
scale_free,none,0.08,18,0.9066666666666666,130,24,72
scale_free,none,0.08,19,0.88,111,25,85
scale_free,none,0.08,20,0.8333333333333334,101,20,71
scale_free,none,0.08,21,0.9066666666666666,139,14,88
scale_free,none,0.08,22,0.91,116,22,71
scale_free,none,0.08,23,0.87,119,21,89
scale_free,none,0.08,24,0.01,2,9,20
scale_free,none,0.08,25,0.9233333333333333,131,16,66
scale_free,none,0.08,26,0.8266666666666667,111,21,74
scale_free,none,0.08,27,0.86,114,21,85
scale_free,none,0.08,28,0.9133333333333333,128,22,86
scale_free,none,0.08,29,0.9266666666666666,129,16,66
scale_free,none,0.1,0,0.93,141,26,86
scale_free,none,0.1,1,0.9266666666666666,136,16,75
scale_free,none,0.1,2,0.9333333333333333,138,16,73
scale_free,none,0.1,3,0.9466666666666667,138,17,77
scale_free,none,0.1,4,0.9666666666666667,159,21,68
scale_free,none,0.1,5,0.93,139,21,76
scale_free,none,0.1,6,0.0033333333333333335,1,0,1
scale_free,none,0.1,7,0.9133333333333333,125,12,76
scale_free,none,0.1,8,0.9266666666666666,131,13,84
scale_free,none,0.1,9,0.94,140,18,85
scale_free,none,0.1,10,0.9433333333333334,139,16,76
scale_free,none,0.1,11,0.92,141,23,73
scale_free,none,0.1,12,0.95,127,16,66
scale_free,none,0.1,13,0.9166666666666666,140,15,70
scale_free,none,0.1,14,0.93,135,16,67
scale_free,none,0.1,15,0.9566666666666667,146,14,58
scale_free,none,0.1,16,0.0033333333333333335,1,0,1
scale_free,none,0.1,17,0.94,146,19,78
scale_free,none,0.1,18,0.97,173,28,99
scale_free,none,0.1,19,0.8833333333333333,130,19,63
scale_free,none,0.1,20,0.9166666666666666,139,16,76
scale_free,none,0.1,21,0.9366666666666666,161,15,62
scale_free,none,0.1,22,0.9366666666666666,134,16,79
scale_free,none,0.1,23,0.9333333333333333,141,14,64
scale_free,none,0.1,24,0.006666666666666667,2,2,7
scale_free,none,0.1,25,0.9633333333333334,145,18,90
scale_free,none,0.1,26,0.88,125,20,65
scale_free,none,0.1,27,0.9433333333333334,167,16,89
scale_free,none,0.1,28,0.9466666666666667,144,18,83
scale_free,none,0.1,29,0.9333333333333333,148,13,65
scale_free,none,0.15,0,0.9633333333333334,185,16,68
scale_free,none,0.15,1,0.9766666666666667,183,13,74
scale_free,none,0.15,2,0.9466666666666667,163,13,75
scale_free,none,0.15,3,0.98,186,10,64
scale_free,none,0.15,4,0.9833333333333333,171,19,86
scale_free,none,0.15,5,0.99,210,13,61
scale_free,none,0.15,6,0.0033333333333333335,1,0,1
scale_free,none,0.15,7,0.9833333333333333,193,10,82
scale_free,none,0.15,8,0.9633333333333334,173,12,70
scale_free,none,0.15,9,0.9866666666666667,181,15,74
scale_free,none,0.15,10,0.98,188,12,60
scale_free,none,0.15,11,0.9666666666666667,187,17,74
scale_free,none,0.15,12,0.99,189,15,58
scale_free,none,0.15,13,0.9766666666666667,180,12,73
scale_free,none,0.15,14,0.98,182,12,91
scale_free,none,0.15,15,0.97,165,9,57
scale_free,none,0.15,16,0.0033333333333333335,1,0,1
scale_free,none,0.15,17,0.96,174,17,65
scale_free,none,0.15,18,0.97,179,12,58
scale_free,none,0.15,19,0.9566666666666667,171,11,61
scale_free,none,0.15,20,0.9566666666666667,181,11,77
scale_free,none,0.15,21,0.98,170,13,67
scale_free,none,0.15,22,0.9733333333333334,167,13,61
scale_free,none,0.15,23,0.97,187,9,90
scale_free,none,0.15,24,0.006666666666666667,2,2,7
scale_free,none,0.15,25,0.9833333333333333,170,16,88
scale_free,none,0.15,26,0.9866666666666667,189,13,68
scale_free,none,0.15,27,0.97,167,14,81
scale_free,none,0.15,28,0.9633333333333334,175,13,65
scale_free,none,0.15,29,0.9733333333333334,176,11,115
scale_free,none,0.2,0,0.9733333333333334,187,15,56
scale_free,none,0.2,1,0.98,194,10,83
scale_free,none,0.2,2,0.99,202,8,60
scale_free,none,0.2,3,0.9733333333333334,187,9,63
scale_free,none,0.2,4,0.9966666666666667,206,12,83
scale_free,none,0.2,5,0.9933333333333333,200,13,59
scale_free,none,0.2,6,0.0033333333333333335,1,0,1
scale_free,none,0.2,7,0.99,206,9,54
scale_free,none,0.2,8,0.9866666666666667,209,8,74
scale_free,none,0.2,9,0.9766666666666667,181,9,65
scale_free,none,0.2,10,0.9966666666666667,201,9,79
scale_free,none,0.2,11,0.9833333333333333,198,11,89
scale_free,none,0.2,12,0.9966666666666667,214,11,73
scale_free,none,0.2,13,0.9933333333333333,197,10,49
scale_free,none,0.2,14,0.99,197,11,56
scale_free,none,0.2,15,1.0,199,10,99
scale_free,none,0.2,16,0.0033333333333333335,1,0,1
scale_free,none,0.2,17,0.9933333333333333,202,13,71
scale_free,none,0.2,18,0.9833333333333333,203,9,77
scale_free,none,0.2,19,1.0,211,9,67
scale_free,none,0.2,20,0.9666666666666667,177,9,67
scale_free,none,0.2,21,0.99,214,9,75
scale_free,none,0.2,22,0.9966666666666667,225,9,54
scale_free,none,0.2,23,0.9966666666666667,212,9,58
scale_free,none,0.2,24,0.9933333333333333,203,10,80
scale_free,none,0.2,25,0.98,189,13,71
scale_free,none,0.2,26,0.9833333333333333,200,11,63
scale_free,none,0.2,27,0.99,185,10,60
scale_free,none,0.2,28,0.9933333333333333,205,11,62
scale_free,none,0.2,29,0.9833333333333333,202,10,63
scale_free,random,0.02,0,0.006666666666666667,1,0,8
scale_free,random,0.02,1,0.0033333333333333335,1,0,2
scale_free,random,0.02,2,0.26666666666666666,16,73,131
scale_free,random,0.02,3,0.0033333333333333335,1,0,4
scale_free,random,0.02,4,0.0033333333333333335,1,0,1
scale_free,random,0.02,5,0.19,11,45,107
scale_free,random,0.02,6,0.013333333333333334,3,6,17
scale_free,random,0.02,7,0.0033333333333333335,1,0,1
scale_free,random,0.02,8,0.0033333333333333335,1,0,5
scale_free,random,0.02,9,0.0033333333333333335,1,0,9
scale_free,random,0.02,10,0.01,2,2,5
scale_free,random,0.02,11,0.0033333333333333335,1,0,8
scale_free,random,0.02,12,0.006666666666666667,2,4,16
scale_free,random,0.02,13,0.006666666666666667,2,16,28
scale_free,random,0.02,14,0.006666666666666667,1,0,7
scale_free,random,0.02,15,0.023333333333333334,4,15,36
scale_free,random,0.02,16,0.0033333333333333335,1,0,1
scale_free,random,0.02,17,0.02,3,15,44
scale_free,random,0.02,18,0.01,2,8,20
scale_free,random,0.02,19,0.07666666666666666,7,57,96
scale_free,random,0.02,20,0.0033333333333333335,1,0,4
scale_free,random,0.02,21,0.08,11,27,41
scale_free,random,0.02,22,0.006666666666666667,2,10,18
scale_free,random,0.02,23,0.0033333333333333335,1,0,10
scale_free,random,0.02,24,0.0033333333333333335,1,0,7
scale_free,random,0.02,25,0.43666666666666665,40,35,132
scale_free,random,0.02,26,0.006666666666666667,1,0,15
scale_free,random,0.02,27,0.0033333333333333335,1,0,1
scale_free,random,0.02,28,0.0033333333333333335,1,0,5
scale_free,random,0.02,29,0.29333333333333333,36,47,108
scale_free,random,0.04,0,0.006666666666666667,1,0,8
scale_free,random,0.04,1,0.0033333333333333335,1,0,2
scale_free,random,0.04,2,0.5366666666666666,49,23,78
scale_free,random,0.04,3,0.0033333333333333335,1,0,4
scale_free,random,0.04,4,0.0033333333333333335,1,0,1
scale_free,random,0.04,5,0.5533333333333333,62,39,90
scale_free,random,0.04,6,0.5566666666666666,48,38,110
scale_free,random,0.04,7,0.0033333333333333335,1,0,1
scale_free,random,0.04,8,0.016666666666666666,3,5,14
scale_free,random,0.04,9,0.0033333333333333335,1,0,9
scale_free,random,0.04,10,0.09333333333333334,8,17,50
scale_free,random,0.04,11,0.0033333333333333335,1,0,8
scale_free,random,0.04,12,0.01,2,4,29
scale_free,random,0.04,13,0.53,40,41,83
scale_free,random,0.04,14,0.01,2,5,27
scale_free,random,0.04,15,0.56,42,52,134
scale_free,random,0.04,16,0.0033333333333333335,1,0,1
scale_free,random,0.04,17,0.53,55,45,96
scale_free,random,0.04,18,0.01,2,8,20
scale_free,random,0.04,19,0.5733333333333334,58,27,105
scale_free,random,0.04,20,0.6133333333333333,59,38,112
scale_free,random,0.04,21,0.6033333333333334,40,33,119
scale_free,random,0.04,22,0.5866666666666667,47,50,112
scale_free,random,0.04,23,0.58,57,53,114
scale_free,random,0.04,24,0.0033333333333333335,1,0,7
scale_free,random,0.04,25,0.5833333333333334,63,20,81
scale_free,random,0.04,26,0.016666666666666666,3,13,34
scale_free,random,0.04,27,0.0033333333333333335,1,0,1
scale_free,random,0.04,28,0.0033333333333333335,1,0,5
scale_free,random,0.04,29,0.5066666666666667,25,33,162
scale_free,random,0.06,0,0.006666666666666667,1,0,8
scale_free,random,0.06,1,0.0033333333333333335,1,0,2
scale_free,random,0.06,2,0.7433333333333333,86,26,77
scale_free,random,0.06,3,0.0033333333333333335,1,0,4
scale_free,random,0.06,4,0.0033333333333333335,1,0,1
scale_free,random,0.06,5,0.72,73,35,124
scale_free,random,0.06,6,0.6833333333333333,68,31,106
scale_free,random,0.06,7,0.006666666666666667,1,0,2
scale_free,random,0.06,8,0.01,3,2,10
scale_free,random,0.06,9,0.67,69,15,92
scale_free,random,0.06,10,0.7233333333333334,76,28,96
scale_free,random,0.06,11,0.0033333333333333335,1,0,8
scale_free,random,0.06,12,0.67,68,40,105
scale_free,random,0.06,13,0.7133333333333334,81,28,109
scale_free,random,0.06,14,0.01,2,5,27
scale_free,random,0.06,15,0.7766666666666666,83,29,92
scale_free,random,0.06,16,0.0033333333333333335,1,0,1
scale_free,random,0.06,17,0.6733333333333333,78,28,76
scale_free,random,0.06,18,0.01,2,8,20
scale_free,random,0.06,19,0.6366666666666667,62,24,67
scale_free,random,0.06,20,0.5866666666666667,70,25,82
scale_free,random,0.06,21,0.03666666666666667,7,8,28
scale_free,random,0.06,22,0.7833333333333333,110,23,71
scale_free,random,0.06,23,0.013333333333333334,4,4,13
scale_free,random,0.06,24,0.0033333333333333335,1,0,7
scale_free,random,0.06,25,0.7333333333333333,94,17,64
scale_free,random,0.06,26,0.7,81,29,84
scale_free,random,0.06,27,0.0033333333333333335,1,0,1
scale_free,random,0.06,28,0.0033333333333333335,1,0,5
scale_free,random,0.06,29,0.67,78,24,101
scale_free,random,0.08,0,0.006666666666666667,1,0,8
scale_free,random,0.08,1,0.77,97,30,83
scale_free,random,0.08,2,0.7966666666666666,110,20,75
scale_free,random,0.08,3,0.0033333333333333335,1,0,4
scale_free,random,0.08,4,0.0033333333333333335,1,0,1
scale_free,random,0.08,5,0.76,111,26,69
scale_free,random,0.08,6,0.75,97,25,82
scale_free,random,0.08,7,0.006666666666666667,1,0,2
scale_free,random,0.08,8,0.01,3,2,10
scale_free,random,0.08,9,0.8166666666666667,108,19,69
scale_free,random,0.08,10,0.79,112,17,80
scale_free,random,0.08,11,0.7466666666666667,99,25,93
scale_free,random,0.08,12,0.7533333333333333,103,32,78
scale_free,random,0.08,13,0.7933333333333333,93,22,100
scale_free,random,0.08,14,0.7666666666666667,91,18,78
scale_free,random,0.08,15,0.7766666666666666,105,22,78
scale_free,random,0.08,16,0.0033333333333333335,1,0,1
scale_free,random,0.08,17,0.73,103,22,73
scale_free,random,0.08,18,0.01,2,8,20
scale_free,random,0.08,19,0.7633333333333333,106,26,99
scale_free,random,0.08,20,0.79,106,23,91
scale_free,random,0.08,21,0.7333333333333333,85,22,87
scale_free,random,0.08,22,0.8233333333333334,97,27,79
scale_free,random,0.08,23,0.6533333333333333,75,21,91
scale_free,random,0.08,24,0.006666666666666667,1,0,10
scale_free,random,0.08,25,0.81,101,14,61
scale_free,random,0.08,26,0.7733333333333333,109,26,79
scale_free,random,0.08,27,0.0033333333333333335,1,0,1
scale_free,random,0.08,28,0.78,118,19,74
scale_free,random,0.08,29,0.7866666666666666,99,21,89
scale_free,random,0.1,0,0.006666666666666667,1,0,8
scale_free,random,0.1,1,0.8133333333333334,111,34,85
scale_free,random,0.1,2,0.82,117,17,64
scale_free,random,0.1,3,0.0033333333333333335,1,0,4
scale_free,random,0.1,4,0.0033333333333333335,1,0,1
scale_free,random,0.1,5,0.8333333333333334,120,25,72
scale_free,random,0.1,6,0.8066666666666666,116,21,69
scale_free,random,0.1,7,0.8166666666666667,127,15,62
scale_free,random,0.1,8,0.75,104,15,65
scale_free,random,0.1,9,0.83,119,15,94
scale_free,random,0.1,10,0.8266666666666667,116,15,95
scale_free,random,0.1,11,0.83,110,24,73
scale_free,random,0.1,12,0.81,116,18,65
scale_free,random,0.1,13,0.8,126,21,62
scale_free,random,0.1,14,0.8366666666666667,129,14,75
scale_free,random,0.1,15,0.8,124,20,72
scale_free,random,0.1,16,0.0033333333333333335,1,0,1
scale_free,random,0.1,17,0.7533333333333333,96,19,79
scale_free,random,0.1,18,0.83,129,24,88
scale_free,random,0.1,19,0.8466666666666667,123,20,67
scale_free,random,0.1,20,0.82,119,18,73
scale_free,random,0.1,21,0.8233333333333334,118,14,79
scale_free,random,0.1,22,0.8566666666666667,128,15,101
scale_free,random,0.1,23,0.82,107,18,63
scale_free,random,0.1,24,0.78,109,26,84
scale_free,random,0.1,25,0.8166666666666667,127,12,68
scale_free,random,0.1,26,0.8233333333333334,121,22,94
scale_free,random,0.1,27,0.0033333333333333335,1,0,1
scale_free,random,0.1,28,0.81,116,18,70
scale_free,random,0.1,29,0.7966666666666666,111,18,75
scale_free,random,0.15,0,0.8633333333333333,165,12,67
scale_free,random,0.15,1,0.8733333333333333,153,12,74
scale_free,random,0.15,2,0.8666666666666667,150,14,65
scale_free,random,0.15,3,0.87,144,12,70
scale_free,random,0.15,4,0.0033333333333333335,1,0,1
scale_free,random,0.15,5,0.8466666666666667,149,15,96
scale_free,random,0.15,6,0.86,152,15,54
scale_free,random,0.15,7,0.8533333333333334,158,11,52
scale_free,random,0.15,8,0.85,137,11,69
scale_free,random,0.15,9,0.8433333333333334,150,14,71
scale_free,random,0.15,10,0.87,157,12,81
scale_free,random,0.15,11,0.8733333333333333,152,19,87
scale_free,random,0.15,12,0.8533333333333334,159,16,76
scale_free,random,0.15,13,0.88,160,13,62
scale_free,random,0.15,14,0.8566666666666667,147,13,57
scale_free,random,0.15,15,0.8433333333333334,152,13,75
scale_free,random,0.15,16,0.0033333333333333335,1,0,1
scale_free,random,0.15,17,0.8433333333333334,135,15,92
scale_free,random,0.15,18,0.8633333333333333,142,10,68
scale_free,random,0.15,19,0.8733333333333333,158,13,66
scale_free,random,0.15,20,0.8533333333333334,169,11,67
scale_free,random,0.15,21,0.8366666666666667,150,13,68
scale_free,random,0.15,22,0.8666666666666667,168,11,63
scale_free,random,0.15,23,0.8533333333333334,140,9,68
scale_free,random,0.15,24,0.8833333333333333,160,14,85
scale_free,random,0.15,25,0.8666666666666667,151,9,76
scale_free,random,0.15,26,0.85,150,15,73
scale_free,random,0.15,27,0.0033333333333333335,1,0,1
scale_free,random,0.15,28,0.8766666666666667,172,13,75
scale_free,random,0.15,29,0.8833333333333333,156,15,59
scale_free,random,0.2,0,0.89,169,12,61
scale_free,random,0.2,1,0.8666666666666667,173,12,78
scale_free,random,0.2,2,0.88,174,10,68
scale_free,random,0.2,3,0.8666666666666667,173,8,67
scale_free,random,0.2,4,0.0033333333333333335,1,0,1
scale_free,random,0.2,5,0.8733333333333333,159,13,58
scale_free,random,0.2,6,0.8633333333333333,163,13,58
scale_free,random,0.2,7,0.8833333333333333,175,11,53
scale_free,random,0.2,8,0.8866666666666667,169,11,62
scale_free,random,0.2,9,0.8733333333333333,174,9,61
scale_free,random,0.2,10,0.8933333333333333,164,9,81
scale_free,random,0.2,11,0.8833333333333333,174,12,79
scale_free,random,0.2,12,0.87,168,16,75
scale_free,random,0.2,13,0.8933333333333333,178,10,72
scale_free,random,0.2,14,0.8833333333333333,189,11,57
scale_free,random,0.2,15,0.89,169,10,62
scale_free,random,0.2,16,0.0033333333333333335,1,0,1
scale_free,random,0.2,17,0.87,176,13,71
scale_free,random,0.2,18,0.8766666666666667,164,8,59
scale_free,random,0.2,19,0.89,183,12,62
scale_free,random,0.2,20,0.8866666666666667,177,10,87
scale_free,random,0.2,21,0.87,168,11,55
scale_free,random,0.2,22,0.9,194,10,62
scale_free,random,0.2,23,0.8666666666666667,170,9,51
scale_free,random,0.2,24,0.87,169,9,61
scale_free,random,0.2,25,0.87,163,8,69
scale_free,random,0.2,26,0.88,144,11,97
scale_free,random,0.2,27,0.8833333333333333,152,15,85
scale_free,random,0.2,28,0.8866666666666667,178,12,61
scale_free,random,0.2,29,0.88,175,11,67
scale_free,degree,0.02,0,0.01,3,13,37
scale_free,degree,0.02,1,0.0033333333333333335,1,0,3
scale_free,degree,0.02,2,0.0033333333333333335,1,0,2
scale_free,degree,0.02,3,0.0033333333333333335,1,0,4
scale_free,degree,0.02,4,0.0033333333333333335,1,0,1
scale_free,degree,0.02,5,0.0033333333333333335,1,0,4
scale_free,degree,0.02,6,0.0033333333333333335,1,0,1
scale_free,degree,0.02,7,0.0033333333333333335,1,0,1
scale_free,degree,0.02,8,0.0033333333333333335,1,0,5
scale_free,degree,0.02,9,0.0033333333333333335,1,0,17
scale_free,degree,0.02,10,0.01,2,6,20
scale_free,degree,0.02,11,0.0033333333333333335,1,0,6
scale_free,degree,0.02,12,0.006666666666666667,2,6,17
scale_free,degree,0.02,13,0.006666666666666667,2,11,24
scale_free,degree,0.02,14,0.0033333333333333335,1,0,7
scale_free,degree,0.02,15,0.013333333333333334,3,2,17
scale_free,degree,0.02,16,0.0033333333333333335,1,0,2
scale_free,degree,0.02,17,0.0033333333333333335,1,0,23
scale_free,degree,0.02,18,0.016666666666666666,4,22,39
scale_free,degree,0.02,19,0.006666666666666667,2,9,14
scale_free,degree,0.02,20,0.0033333333333333335,1,0,6
scale_free,degree,0.02,21,0.006666666666666667,2,3,18
scale_free,degree,0.02,22,0.0033333333333333335,1,0,2
scale_free,degree,0.02,23,0.0033333333333333335,1,0,3
scale_free,degree,0.02,24,0.0033333333333333335,1,0,2
scale_free,degree,0.02,25,0.01,3,6,11
scale_free,degree,0.02,26,0.0033333333333333335,1,0,13
scale_free,degree,0.02,27,0.0033333333333333335,1,0,4
scale_free,degree,0.02,28,0.0033333333333333335,1,0,2
scale_free,degree,0.02,29,0.0033333333333333335,1,0,11
scale_free,degree,0.04,0,0.01,3,13,37
scale_free,degree,0.04,1,0.0033333333333333335,1,0,3
scale_free,degree,0.04,2,0.0033333333333333335,1,0,2
scale_free,degree,0.04,3,0.0033333333333333335,1,0,4
scale_free,degree,0.04,4,0.0033333333333333335,1,0,1
scale_free,degree,0.04,5,0.016666666666666666,4,6,15
scale_free,degree,0.04,6,0.0033333333333333335,1,0,1
scale_free,degree,0.04,7,0.0033333333333333335,1,0,1
scale_free,degree,0.04,8,0.006666666666666667,2,2,4
scale_free,degree,0.04,9,0.0033333333333333335,1,0,17
scale_free,degree,0.04,10,0.016666666666666666,3,9,31
scale_free,degree,0.04,11,0.0033333333333333335,1,0,6
scale_free,degree,0.04,12,0.006666666666666667,2,6,17
scale_free,degree,0.04,13,0.043333333333333335,4,47,69
scale_free,degree,0.04,14,0.0033333333333333335,1,0,7
scale_free,degree,0.04,15,0.013333333333333334,3,2,17
scale_free,degree,0.04,16,0.0033333333333333335,1,0,2
scale_free,degree,0.04,17,0.0033333333333333335,1,0,23
scale_free,degree,0.04,18,0.02,4,22,47
scale_free,degree,0.04,19,0.013333333333333334,3,11,25
scale_free,degree,0.04,20,0.016666666666666666,4,13,15
scale_free,degree,0.04,21,0.013333333333333334,2,3,15
scale_free,degree,0.04,22,0.0033333333333333335,1,0,2
scale_free,degree,0.04,23,0.006666666666666667,1,0,5
scale_free,degree,0.04,24,0.0033333333333333335,1,0,2
scale_free,degree,0.04,25,0.016666666666666666,3,2,14
scale_free,degree,0.04,26,0.006666666666666667,2,9,17
scale_free,degree,0.04,27,0.0033333333333333335,1,0,4
scale_free,degree,0.04,28,0.0033333333333333335,1,0,2
scale_free,degree,0.04,29,0.0033333333333333335,1,0,11
scale_free,degree,0.06,0,0.01,3,13,37
scale_free,degree,0.06,1,0.0033333333333333335,1,0,3
scale_free,degree,0.06,2,0.0033333333333333335,1,0,2
scale_free,degree,0.06,3,0.0033333333333333335,1,0,4
scale_free,degree,0.06,4,0.0033333333333333335,1,0,1
scale_free,degree,0.06,5,0.016666666666666666,4,6,15
scale_free,degree,0.06,6,0.0033333333333333335,1,0,1
scale_free,degree,0.06,7,0.0033333333333333335,1,0,1
scale_free,degree,0.06,8,0.15,8,7,86
scale_free,degree,0.06,9,0.04,5,25,38
scale_free,degree,0.06,10,0.013333333333333334,2,3,17
scale_free,degree,0.06,11,0.0033333333333333335,1,0,6
scale_free,degree,0.06,12,0.006666666666666667,2,6,17
scale_free,degree,0.06,13,0.016666666666666666,3,9,31
scale_free,degree,0.06,14,0.0033333333333333335,1,0,7
scale_free,degree,0.06,15,0.39,32,78,127
scale_free,degree,0.06,16,0.0033333333333333335,1,0,2
scale_free,degree,0.06,17,0.25666666666666665,13,96,197
scale_free,degree,0.06,18,0.02,4,22,47
scale_free,degree,0.06,19,0.03666666666666667,5,40,53
scale_free,degree,0.06,20,0.05,7,25,45
scale_free,degree,0.06,21,0.016666666666666666,2,3,17
scale_free,degree,0.06,22,0.0033333333333333335,1,0,2
scale_free,degree,0.06,23,0.006666666666666667,1,0,5
scale_free,degree,0.06,24,0.0033333333333333335,1,0,2
scale_free,degree,0.06,25,0.016666666666666666,3,2,14
scale_free,degree,0.06,26,0.07666666666666666,10,32,70
scale_free,degree,0.06,27,0.0033333333333333335,1,0,4
scale_free,degree,0.06,28,0.0033333333333333335,1,0,2
scale_free,degree,0.06,29,0.0033333333333333335,1,0,11
scale_free,degree,0.08,0,0.01,3,13,37
scale_free,degree,0.08,1,0.0033333333333333335,1,0,3
scale_free,degree,0.08,2,0.0033333333333333335,1,0,2
scale_free,degree,0.08,3,0.0033333333333333335,1,0,4
scale_free,degree,0.08,4,0.0033333333333333335,1,0,1
scale_free,degree,0.08,5,0.016666666666666666,4,6,15
scale_free,degree,0.08,6,0.0033333333333333335,1,0,1
scale_free,degree,0.08,7,0.0033333333333333335,1,0,1
scale_free,degree,0.08,8,0.33666666666666667,20,33,137
scale_free,degree,0.08,9,0.016666666666666666,4,14,40
scale_free,degree,0.08,10,0.013333333333333334,2,3,17
scale_free,degree,0.08,11,0.01,1,0,11
scale_free,degree,0.08,12,0.006666666666666667,2,6,17
scale_free,degree,0.08,13,0.04666666666666667,6,13,40
scale_free,degree,0.08,14,0.0033333333333333335,1,0,7
scale_free,degree,0.08,15,0.17666666666666667,11,43,115
scale_free,degree,0.08,16,0.0033333333333333335,1,0,2
scale_free,degree,0.08,17,0.11333333333333333,13,35,66
scale_free,degree,0.08,18,0.07666666666666666,9,53,77
scale_free,degree,0.08,19,0.02666666666666667,5,15,32
scale_free,degree,0.08,20,0.2966666666666667,17,63,113
scale_free,degree,0.08,21,0.12,9,45,105
scale_free,degree,0.08,22,0.0033333333333333335,1,0,2
scale_free,degree,0.08,23,0.006666666666666667,1,0,5
scale_free,degree,0.08,24,0.0033333333333333335,1,0,2
scale_free,degree,0.08,25,0.43333333333333335,47,30,66
scale_free,degree,0.08,26,0.48,29,53,124
scale_free,degree,0.08,27,0.01,2,2,12
scale_free,degree,0.08,28,0.0033333333333333335,1,0,2
scale_free,degree,0.08,29,0.0033333333333333335,1,0,11
scale_free,degree,0.1,0,0.49666666666666665,43,62,115
scale_free,degree,0.1,1,0.0033333333333333335,1,0,3
scale_free,degree,0.1,2,0.5866666666666667,54,28,81
scale_free,degree,0.1,3,0.0033333333333333335,1,0,4
scale_free,degree,0.1,4,0.013333333333333334,2,3,24
scale_free,degree,0.1,5,0.016666666666666666,4,6,15
scale_free,degree,0.1,6,0.0033333333333333335,1,0,1
scale_free,degree,0.1,7,0.0033333333333333335,1,0,1
scale_free,degree,0.1,8,0.056666666666666664,7,4,67
scale_free,degree,0.1,9,0.016666666666666666,4,14,40
scale_free,degree,0.1,10,0.04,4,20,44
scale_free,degree,0.1,11,0.013333333333333334,2,10,13
scale_free,degree,0.1,12,0.56,42,54,103
scale_free,degree,0.1,13,0.35,25,43,103
scale_free,degree,0.1,14,0.0033333333333333335,1,0,7
scale_free,degree,0.1,15,0.6333333333333333,29,95,159
scale_free,degree,0.1,16,0.0033333333333333335,1,0,2
scale_free,degree,0.1,17,0.5433333333333333,42,47,102
scale_free,degree,0.1,18,0.31,11,64,189
scale_free,degree,0.1,19,0.6066666666666667,52,24,94
scale_free,degree,0.1,20,0.5,42,26,83
scale_free,degree,0.1,21,0.4866666666666667,41,46,106
scale_free,degree,0.1,22,0.0033333333333333335,1,0,2
scale_free,degree,0.1,23,0.016666666666666666,4,6,14
scale_free,degree,0.1,24,0.0033333333333333335,1,0,2
scale_free,degree,0.1,25,0.44333333333333336,20,47,137
scale_free,degree,0.1,26,0.5,36,87,146
scale_free,degree,0.1,27,0.013333333333333334,2,2,20
scale_free,degree,0.1,28,0.0033333333333333335,1,0,2
scale_free,degree,0.1,29,0.29333333333333333,17,76,122
scale_free,degree,0.15,0,0.61,57,37,86
scale_free,degree,0.15,1,0.0033333333333333335,1,0,3
scale_free,degree,0.15,2,0.7666666666666667,85,28,86
scale_free,degree,0.15,3,0.6533333333333333,59,42,95
scale_free,degree,0.15,4,0.013333333333333334,2,3,24
scale_free,degree,0.15,5,0.6966666666666667,47,43,105
scale_free,degree,0.15,6,0.0033333333333333335,1,0,1
scale_free,degree,0.15,7,0.0033333333333333335,1,0,1
scale_free,degree,0.15,8,0.6733333333333333,70,30,72
scale_free,degree,0.15,9,0.5233333333333333,40,47,110
scale_free,degree,0.15,10,0.58,37,61,105
scale_free,degree,0.15,11,0.016666666666666666,2,10,13
scale_free,degree,0.15,12,0.71,77,35,97
scale_free,degree,0.15,13,0.7133333333333334,75,25,68
scale_free,degree,0.15,14,0.0033333333333333335,1,0,7
scale_free,degree,0.15,15,0.72,74,30,103
scale_free,degree,0.15,16,0.0033333333333333335,1,0,2
scale_free,degree,0.15,17,0.016666666666666666,3,10,24
scale_free,degree,0.15,18,0.01,3,7,10
scale_free,degree,0.15,19,0.6866666666666666,72,36,92
scale_free,degree,0.15,20,0.6,59,38,87
scale_free,degree,0.15,21,0.6466666666666666,74,35,87
scale_free,degree,0.15,22,0.0033333333333333335,1,0,2
scale_free,degree,0.15,23,0.66,58,34,83
scale_free,degree,0.15,24,0.0033333333333333335,1,0,2
scale_free,degree,0.15,25,0.6433333333333333,72,24,86
scale_free,degree,0.15,26,0.68,71,29,98
scale_free,degree,0.15,27,0.013333333333333334,2,2,20
scale_free,degree,0.15,28,0.7466666666666667,68,45,98
scale_free,degree,0.15,29,0.013333333333333334,2,10,21
scale_free,degree,0.2,0,0.6233333333333333,68,31,70
scale_free,degree,0.2,1,0.0033333333333333335,1,0,3
scale_free,degree,0.2,2,0.73,78,23,63
scale_free,degree,0.2,3,0.6933333333333334,83,37,85
scale_free,degree,0.2,4,0.013333333333333334,2,3,21
scale_free,degree,0.2,5,0.75,86,22,87
scale_free,degree,0.2,6,0.0033333333333333335,1,0,1
scale_free,degree,0.2,7,0.0033333333333333335,1,0,1
scale_free,degree,0.2,8,0.7233333333333334,81,24,71
scale_free,degree,0.2,9,0.6933333333333334,56,37,88
scale_free,degree,0.2,10,0.73,71,33,98
scale_free,degree,0.2,11,0.7633333333333333,106,18,63
scale_free,degree,0.2,12,0.7833333333333333,98,43,108
scale_free,degree,0.2,13,0.7733333333333333,93,25,65
scale_free,degree,0.2,14,0.0033333333333333335,1,0,7
scale_free,degree,0.2,15,0.7666666666666667,113,20,72
scale_free,degree,0.2,16,0.0033333333333333335,1,0,2
scale_free,degree,0.2,17,0.7066666666666667,59,42,101
scale_free,degree,0.2,18,0.6733333333333333,82,28,72
scale_free,degree,0.2,19,0.7866666666666666,93,32,84
scale_free,degree,0.2,20,0.71,100,20,82
scale_free,degree,0.2,21,0.7533333333333333,94,28,82
scale_free,degree,0.2,22,0.0033333333333333335,1,0,2
scale_free,degree,0.2,23,0.6666666666666666,77,22,78
scale_free,degree,0.2,24,0.78,76,29,90
scale_free,degree,0.2,25,0.6366666666666667,72,18,84
scale_free,degree,0.2,26,0.7533333333333333,79,22,97
scale_free,degree,0.2,27,0.7533333333333333,90,28,79
scale_free,degree,0.2,28,0.6966666666666667,88,32,77
scale_free,degree,0.2,29,0.7433333333333333,106,32,102
scale_free,betweenness,0.02,0,0.01,3,19,33
scale_free,betweenness,0.02,1,0.01,2,4,35
scale_free,betweenness,0.02,2,0.013333333333333334,3,21,26
scale_free,betweenness,0.02,3,0.0033333333333333335,1,0,4
scale_free,betweenness,0.02,4,0.0033333333333333335,1,0,1
scale_free,betweenness,0.02,5,0.0033333333333333335,1,0,4
scale_free,betweenness,0.02,6,0.0033333333333333335,1,0,1
scale_free,betweenness,0.02,7,0.0033333333333333335,1,0,1
scale_free,betweenness,0.02,8,0.0033333333333333335,1,0,5
scale_free,betweenness,0.02,9,0.0033333333333333335,1,0,17
scale_free,betweenness,0.02,10,0.0033333333333333335,1,0,4
scale_free,betweenness,0.02,11,0.0033333333333333335,1,0,6
scale_free,betweenness,0.02,12,0.006666666666666667,2,6,17
scale_free,betweenness,0.02,13,0.0033333333333333335,1,0,2
scale_free,betweenness,0.02,14,0.0033333333333333335,1,0,7
scale_free,betweenness,0.02,15,0.013333333333333334,3,2,17
scale_free,betweenness,0.02,16,0.0033333333333333335,1,0,2
scale_free,betweenness,0.02,17,0.0033333333333333335,1,0,23
scale_free,betweenness,0.02,18,0.016666666666666666,4,22,39
scale_free,betweenness,0.02,19,0.0033333333333333335,1,0,4
scale_free,betweenness,0.02,20,0.0033333333333333335,1,0,12
scale_free,betweenness,0.02,21,0.006666666666666667,2,3,18
scale_free,betweenness,0.02,22,0.0033333333333333335,1,0,6
scale_free,betweenness,0.02,23,0.0033333333333333335,1,0,3
scale_free,betweenness,0.02,24,0.0033333333333333335,1,0,3
scale_free,betweenness,0.02,25,0.01,3,6,11
scale_free,betweenness,0.02,26,0.0033333333333333335,1,0,13
scale_free,betweenness,0.02,27,0.0033333333333333335,1,0,4
scale_free,betweenness,0.02,28,0.0033333333333333335,1,0,2
scale_free,betweenness,0.02,29,0.0033333333333333335,1,0,11
scale_free,betweenness,0.04,0,0.04666666666666667,5,55,81
scale_free,betweenness,0.04,1,0.03666666666666667,6,24,66
scale_free,betweenness,0.04,2,0.09333333333333334,9,23,120
scale_free,betweenness,0.04,3,0.0033333333333333335,1,0,4
scale_free,betweenness,0.04,4,0.0033333333333333335,1,0,1
scale_free,betweenness,0.04,5,0.016666666666666666,4,6,15
scale_free,betweenness,0.04,6,0.0033333333333333335,1,0,1
scale_free,betweenness,0.04,7,0.0033333333333333335,1,0,1
scale_free,betweenness,0.04,8,0.02666666666666667,6,10,26
scale_free,betweenness,0.04,9,0.0033333333333333335,1,0,17
scale_free,betweenness,0.04,10,0.0033333333333333335,1,0,4
scale_free,betweenness,0.04,11,0.0033333333333333335,1,0,6
scale_free,betweenness,0.04,12,0.006666666666666667,2,6,17
scale_free,betweenness,0.04,13,0.0033333333333333335,1,0,2
scale_free,betweenness,0.04,14,0.0033333333333333335,1,0,7
scale_free,betweenness,0.04,15,0.013333333333333334,3,2,17
scale_free,betweenness,0.04,16,0.0033333333333333335,1,0,2
scale_free,betweenness,0.04,17,0.0033333333333333335,1,0,23
scale_free,betweenness,0.04,18,0.02,4,22,47
scale_free,betweenness,0.04,19,0.0033333333333333335,1,0,4
scale_free,betweenness,0.04,20,0.16666666666666666,19,32,100
scale_free,betweenness,0.04,21,0.013333333333333334,2,3,15
scale_free,betweenness,0.04,22,0.0033333333333333335,1,0,6
scale_free,betweenness,0.04,23,0.006666666666666667,1,0,5
scale_free,betweenness,0.04,24,0.0033333333333333335,1,0,3
scale_free,betweenness,0.04,25,0.016666666666666666,3,2,14
scale_free,betweenness,0.04,26,0.006666666666666667,2,9,17
scale_free,betweenness,0.04,27,0.0033333333333333335,1,0,4
scale_free,betweenness,0.04,28,0.0033333333333333335,1,0,2
scale_free,betweenness,0.04,29,0.0033333333333333335,1,0,11
scale_free,betweenness,0.06,0,0.013333333333333334,3,19,31
scale_free,betweenness,0.06,1,0.16666666666666666,12,46,92
scale_free,betweenness,0.06,2,0.023333333333333334,4,12,28
scale_free,betweenness,0.06,3,0.0033333333333333335,1,0,4
scale_free,betweenness,0.06,4,0.0033333333333333335,1,0,1
scale_free,betweenness,0.06,5,0.016666666666666666,4,6,15
scale_free,betweenness,0.06,6,0.0033333333333333335,1,0,1
scale_free,betweenness,0.06,7,0.0033333333333333335,1,0,1
scale_free,betweenness,0.06,8,0.02,3,2,28
scale_free,betweenness,0.06,9,0.03,4,23,40
scale_free,betweenness,0.06,10,0.18333333333333332,12,22,88
scale_free,betweenness,0.06,11,0.0033333333333333335,1,0,6
scale_free,betweenness,0.06,12,0.006666666666666667,2,6,17
scale_free,betweenness,0.06,13,0.0033333333333333335,1,0,2
scale_free,betweenness,0.06,14,0.0033333333333333335,1,0,7
scale_free,betweenness,0.06,15,0.11,8,46,71
scale_free,betweenness,0.06,16,0.0033333333333333335,1,0,2
scale_free,betweenness,0.06,17,0.28,13,96,161
scale_free,betweenness,0.06,18,0.02,4,22,47
scale_free,betweenness,0.06,19,0.0033333333333333335,1,0,4
scale_free,betweenness,0.06,20,0.10333333333333333,12,34,58
scale_free,betweenness,0.06,21,0.016666666666666666,2,3,17
scale_free,betweenness,0.06,22,0.14333333333333334,12,69,87
scale_free,betweenness,0.06,23,0.006666666666666667,1,0,5
scale_free,betweenness,0.06,24,0.0033333333333333335,1,0,3
scale_free,betweenness,0.06,25,0.016666666666666666,3,2,14
scale_free,betweenness,0.06,26,0.37333333333333335,24,66,118
scale_free,betweenness,0.06,27,0.0033333333333333335,1,0,4
scale_free,betweenness,0.06,28,0.0033333333333333335,1,0,2
scale_free,betweenness,0.06,29,0.0033333333333333335,1,0,11
scale_free,betweenness,0.08,0,0.013333333333333334,3,19,31
scale_free,betweenness,0.08,1,0.06,6,18,74
scale_free,betweenness,0.08,2,0.4033333333333333,42,36,83
scale_free,betweenness,0.08,3,0.0033333333333333335,1,0,4
scale_free,betweenness,0.08,4,0.0033333333333333335,1,0,1
scale_free,betweenness,0.08,5,0.016666666666666666,4,6,15
scale_free,betweenness,0.08,6,0.0033333333333333335,1,0,1
scale_free,betweenness,0.08,7,0.0033333333333333335,1,0,1
scale_free,betweenness,0.08,8,0.023333333333333334,3,2,25
scale_free,betweenness,0.08,9,0.016666666666666666,4,14,40
scale_free,betweenness,0.08,10,0.4033333333333333,43,26,103
scale_free,betweenness,0.08,11,0.01,1,0,11
scale_free,betweenness,0.08,12,0.006666666666666667,2,6,17
scale_free,betweenness,0.08,13,0.0033333333333333335,1,0,2
scale_free,betweenness,0.08,14,0.0033333333333333335,1,0,7
scale_free,betweenness,0.08,15,0.54,42,45,125
scale_free,betweenness,0.08,16,0.0033333333333333335,1,0,2
scale_free,betweenness,0.08,17,0.2866666666666667,23,53,128
scale_free,betweenness,0.08,18,0.25666666666666665,18,61,126
scale_free,betweenness,0.08,19,0.006666666666666667,2,3,13
scale_free,betweenness,0.08,20,0.3466666666666667,27,53,89
scale_free,betweenness,0.08,21,0.043333333333333335,6,10,29
scale_free,betweenness,0.08,22,0.5533333333333333,39,103,149
scale_free,betweenness,0.08,23,0.006666666666666667,1,0,5
scale_free,betweenness,0.08,24,0.0033333333333333335,1,0,3
scale_free,betweenness,0.08,25,0.4666666666666667,21,74,145
scale_free,betweenness,0.08,26,0.13333333333333333,17,26,77
scale_free,betweenness,0.08,27,0.01,2,2,8
scale_free,betweenness,0.08,28,0.0033333333333333335,1,0,2
scale_free,betweenness,0.08,29,0.0033333333333333335,1,0,11
scale_free,betweenness,0.1,0,0.53,45,52,103
scale_free,betweenness,0.1,1,0.2833333333333333,16,41,117
scale_free,betweenness,0.1,2,0.5533333333333333,44,65,109
scale_free,betweenness,0.1,3,0.0033333333333333335,1,0,4
scale_free,betweenness,0.1,4,0.5133333333333333,36,56,116
scale_free,betweenness,0.1,5,0.016666666666666666,4,6,15
scale_free,betweenness,0.1,6,0.0033333333333333335,1,0,1
scale_free,betweenness,0.1,7,0.0033333333333333335,1,0,1
scale_free,betweenness,0.1,8,0.02666666666666667,3,2,31
scale_free,betweenness,0.1,9,0.016666666666666666,4,14,40
scale_free,betweenness,0.1,10,0.45,42,25,101
scale_free,betweenness,0.1,11,0.013333333333333334,2,10,13
scale_free,betweenness,0.1,12,0.5433333333333333,47,46,102
scale_free,betweenness,0.1,13,0.0033333333333333335,1,0,2
scale_free,betweenness,0.1,14,0.0033333333333333335,1,0,7
scale_free,betweenness,0.1,15,0.6366666666666667,47,53,98
scale_free,betweenness,0.1,16,0.0033333333333333335,1,0,2
scale_free,betweenness,0.1,17,0.5333333333333333,39,48,151
scale_free,betweenness,0.1,18,0.44,24,53,127
scale_free,betweenness,0.1,19,0.006666666666666667,2,3,13
scale_free,betweenness,0.1,20,0.48333333333333334,38,25,97
scale_free,betweenness,0.1,21,0.47,32,26,101
scale_free,betweenness,0.1,22,0.4766666666666667,37,45,101
scale_free,betweenness,0.1,23,0.016666666666666666,4,6,14
scale_free,betweenness,0.1,24,0.0033333333333333335,1,0,3
scale_free,betweenness,0.1,25,0.4166666666666667,40,35,87
scale_free,betweenness,0.1,26,0.5566666666666666,29,56,135
scale_free,betweenness,0.1,27,0.01,2,2,8
scale_free,betweenness,0.1,28,0.0033333333333333335,1,0,2
scale_free,betweenness,0.1,29,0.5666666666666667,43,52,121
scale_free,betweenness,0.15,0,0.6266666666666667,55,44,86
scale_free,betweenness,0.15,1,0.7266666666666667,68,59,125
scale_free,betweenness,0.15,2,0.6566666666666666,74,39,81
scale_free,betweenness,0.15,3,0.7166666666666667,76,38,140
scale_free,betweenness,0.15,4,0.5866666666666667,26,41,155
scale_free,betweenness,0.15,5,0.7233333333333334,87,35,81
scale_free,betweenness,0.15,6,0.0033333333333333335,1,0,1
scale_free,betweenness,0.15,7,0.0033333333333333335,1,0,1
scale_free,betweenness,0.15,8,0.55,50,23,81
scale_free,betweenness,0.15,9,0.6366666666666667,60,37,93
scale_free,betweenness,0.15,10,0.6733333333333333,58,37,91
scale_free,betweenness,0.15,11,0.016666666666666666,2,10,13
scale_free,betweenness,0.15,12,0.6866666666666666,71,41,81
scale_free,betweenness,0.15,13,0.0033333333333333335,1,0,2
scale_free,betweenness,0.15,14,0.0033333333333333335,1,0,7
scale_free,betweenness,0.15,15,0.7266666666666667,81,29,99
scale_free,betweenness,0.15,16,0.0033333333333333335,1,0,2
scale_free,betweenness,0.15,17,0.016666666666666666,3,10,24
scale_free,betweenness,0.15,18,0.01,3,7,10
scale_free,betweenness,0.15,19,0.7166666666666667,77,30,106
scale_free,betweenness,0.15,20,0.006666666666666667,2,5,8
scale_free,betweenness,0.15,21,0.6633333333333333,73,39,106
scale_free,betweenness,0.15,22,0.68,84,27,85
scale_free,betweenness,0.15,23,0.7366666666666667,81,35,98
scale_free,betweenness,0.15,24,0.0033333333333333335,1,0,3
scale_free,betweenness,0.15,25,0.6733333333333333,55,29,98
scale_free,betweenness,0.15,26,0.6466666666666666,64,29,91
scale_free,betweenness,0.15,27,0.01,2,2,8
scale_free,betweenness,0.15,28,0.6633333333333333,86,29,94
scale_free,betweenness,0.15,29,0.013333333333333334,2,10,21
scale_free,betweenness,0.2,0,0.71,79,34,84
scale_free,betweenness,0.2,1,0.7933333333333333,97,44,106
scale_free,betweenness,0.2,2,0.7666666666666667,110,19,61
scale_free,betweenness,0.2,3,0.7133333333333334,81,39,102
scale_free,betweenness,0.2,4,0.69,85,29,77
scale_free,betweenness,0.2,5,0.6866666666666666,69,27,83
scale_free,betweenness,0.2,6,0.0033333333333333335,1,0,1
scale_free,betweenness,0.2,7,0.0033333333333333335,1,0,1
scale_free,betweenness,0.2,8,0.7033333333333334,78,27,73
scale_free,betweenness,0.2,9,0.7266666666666667,77,29,72
scale_free,betweenness,0.2,10,0.7066666666666667,101,16,74
scale_free,betweenness,0.2,11,0.75,89,22,83
scale_free,betweenness,0.2,12,0.77,98,42,119
scale_free,betweenness,0.2,13,0.006666666666666667,1,0,3
scale_free,betweenness,0.2,14,0.0033333333333333335,1,0,7
scale_free,betweenness,0.2,15,0.7333333333333333,115,18,62
scale_free,betweenness,0.2,16,0.0033333333333333335,1,0,2
scale_free,betweenness,0.2,17,0.7166666666666667,85,37,104
scale_free,betweenness,0.2,18,0.73,111,24,80
scale_free,betweenness,0.2,19,0.7433333333333333,105,25,83
scale_free,betweenness,0.2,20,0.006666666666666667,2,5,8
scale_free,betweenness,0.2,21,0.75,102,24,88
scale_free,betweenness,0.2,22,0.73,100,20,65
scale_free,betweenness,0.2,23,0.7766666666666666,106,22,67
scale_free,betweenness,0.2,24,0.0033333333333333335,1,0,3
scale_free,betweenness,0.2,25,0.7033333333333334,75,17,73
scale_free,betweenness,0.2,26,0.7466666666666667,94,22,77
scale_free,betweenness,0.2,27,0.013333333333333334,3,4,19
scale_free,betweenness,0.2,28,0.7466666666666667,89,28,66
scale_free,betweenness,0.2,29,0.7233333333333334,88,29,63
